vehicle_id,brand,timestamp,odometer_reading,engine_temp_c,engine_rpm,oil_pressure_psi,coolant_temp_c,fuel_level_percent,fuel_consumption_lph,engine_load_percent,throttle_pos_percent,air_flow_rate_gps,exhaust_gas_temp_c,vibration_level,engine_hours,brake_fluid_level_psi,brake_pad_wear_mm,brake_temp_c,abs_fault_indicator,brake_pedal_pos_percent,wheel_speed_fl_kph,wheel_speed_fr_kph,wheel_speed_rl_kph,wheel_speed_rr_kph,battery_voltage_v,battery_current_a,battery_temp_c,alternator_output_v,battery_charge_percent,battery_health_percent,vehicle_speed_kph,ambient_temp_c,humidity_percent,gps_latitude,gps_longitude,engine_failure_imminent,brake_issue_imminent,battery_issue_imminent,failure_date,failure_type,maintenance_required,Predicted_Maintenance
VEH0003,Mercedes-Benz,2023-01-01 00:54:00,45231.44067907171,103.68961354515194,2149.9897104808383,43.789105154487096,91.82354614076404,0.7506315969896482,3.342800925210409,59.80239147820893,7.853214746456775,61.94937888308005,439.82976461682654,1.9600706318138388,2047.3662360265564,1130.744965199519,6.072305854331342,101.58827927090432,0,83.64104550016684,25.943846609707144,91.24440481893129,51.04658391611602,63.37796999402488,13.34833256875466,22.657365123736803,24.47342060144813,14.17687569263048,62.20805111197512,91.34548059835952,105.63132785401564,29.43597280212405,80.85802808207072,28.78144859134099,78.63434128823391,0,0,0,2050-01-01 00:00:00,No Failure,0,0
VEH0020,Audi,2023-01-01 13:48:00,98512.78623239444,99.21248423481424,2086.5773715824685,31.972234903281176,91.20714927849308,81.84977261381034,8.122015472078294,54.6937142910065,6.000340095442695,51.42031511048055,260.8933350068636,1.081147507279776,840.4919370065562,789.1413458791262,7.348045281423912,94.99081232651714,0,78.08230116492287,90.83461226209818,19.17989395314637,41.7884610120026,91.0624287955706,13.066574278443374,35.83602184963409,18.41330029096357,14.002809873829188,66.23827591919407,98.38981280066297,22.43791990458629,40.63619019029393,70.13105393773752,30.36641425266486,78.24360575516572,0,0,0,2050-01-01 00:00:00,No Failure,0,0
VEH0009,Kia,2023-01-01 18:42:00,81210.85314908971,97.6769721999114,2288.111184544714,45.03960339375708,92.89934303710707,81.34527748073927,8.100704989656396,41.424045931529925,45.29114176177677,63.8732531780893,583.6388943858816,1.5149124953545314,3060.0911212999654,1094.9439367996106,7.761887718214795,139.57669761748707,0,99.78651234446032,83.07121813672913,113.45068253402368,48.20598482379377,-6.012612596910117,13.32782286753648,19.076429677200856,19.84601556170917,13.97411669372187,57.52793320875716,91.26855836850356,106.9993618631111,16.254308248853846,41.48988812222072,28.45084779565597,82.01403725751278,0,0,0,2050-01-01 00:00:00,No Failure,0,0
VEH0003,Mercedes-Benz,2023-01-01 23:14:00,46002.59048271451,89.49103654970985,776.1063479127117,44.873434785124736,91.32878881272195,76.51390350136057,1.3283316878506923,35.15416966372365,32.422324077669,18.566875228556384,418.3054987415129,1.1825844825007117,2054.461898678146,974.9824385867332,5.920208483736423,-6.06093636983455,0,31.23456093318061,73.26098354740405,38.58245220444348,94.78309440226256,133.29510011155287,12.968954197608104,8.772784228363813,24.19593371018609,14.193793476781678,77.8270439813293,91.26102602802771,20.75637511555817,26.687087317755594,66.9134343687507,29.258862721192997,77.88279252474173,0,0,0,2050-01-01 00:00:00,No Failure,0,0
VEH0027,Mercedes-Benz,2023-01-01 20:54:00,87809.61337577467,105.7251321175536,1841.0561988392617,49.51018810436353,88.66607268338927,35.75874429329053,5.814801708580735,37.13463729154838,13.579304107758226,32.50570598458602,570.6715137026978,1.68483448243351,1736.8607722117804,871.2378681751701,7.888154938652005,130.57611403764733,0,90.98562302553324,98.753468783734,79.18779627450488,66.36428681961311,65.65295182822311,12.291771499744623,-4.974275003528724,20.460221676413767,14.13902996736702,98.24287684315922,95.74973424315974,73.9776289910939,43.81598374408962,61.62660349249032,32.92221857659975,80.4080732718523,0,0,0,2050-01-01 00:00:00,No Failure,0,0
VEH0036,Kia,2023-01-01 01:30:00,18046.0571776635,99.66735549403768,700.0,53.3632071802775,92.8768694135564,63.66686270244226,12.570004254933986,31.47258712494807,14.059616879404242,54.95886591614323,221.70854356919568,1.1574056574494271,3060.180460211972,915.5999705176988,7.447033246544208,204.27282090834896,0,30.62076940787486,-12.894136241937446,71.27712266046156,11.41077187010334,44.06730269113627,12.21031551647922,-2.446538323983189,31.873991875702867,13.887512096326278,84.78800369729484,94.00002637270194,38.929225723709465,8.60802295977939,77.46556106716652,29.48594118956372,77.0936628406838,0,0,0,2050-01-01 00:00:00,No Failure,0,0
VEH0007,Kia,2023-01-01 05:24:00,42190.45108686807,94.54142463331448,2308.858019305884,46.61910038785698,87.92254040052816,59.70652024831066,2.642704873583934,48.40220735004736,12.160412987629684,61.39683299099693,389.7455565736291,0.4874220792637196,1807.61439172325,948.0997567612982,6.4735368864204,49.02576406555109,0,45.80996293176993,111.50433614480632,25.728491945016174,76.6627819580128,77.98036349278179,11.641450121250337,33.363996435975665,28.64412148755213,14.058939700366556,62.5208027001787,91.90995029638052,60.854317648144814,24.49806179436965,61.966618897327045,30.79097517811367,75.99754479281872,0,0,0,2050-01-01 00:00:00,No Failure,0,0
VEH0027,Mercedes-Benz,2023-01-01 14:00:00,87674.31387557679,95.15800773438392,2141.222320965845,42.76502875413734,90.34668491083272,53.46124305543791,7.638875389215791,35.600192893584705,53.6385864449264,47.687486967216365,337.5677931638405,0.7818059320861379,1735.6311727882808,913.9181263710524,7.9127424803216915,77.98728036917721,0,56.08762841396212,27.613503397135855,66.96294731681957,71.06181822500103,102.36897281662388,12.973746047222546,20.78007917310516,20.104055185846317,14.267846450500748,52.883236584962674,95.76670605434636,98.31615934530036,47.66920974734779,63.19207914172643,33.683832675668285,77.88115685468891,0,0,0,2050-01-01 00:00:00,No Failure,0,0
VEH0015,Kia,2023-01-01 23:15:00,22250.563042392983,94.79051190431758,700.0,32.5424595128954,86.77486274884866,44.04635649332613,9.099735207343452,34.42147732006231,37.177680345569264,61.87971554267705,350.5388948158079,0.8585420386764497,3242.7873060656607,960.6477966041068,7.063168390241325,132.12589231406702,0,72.43274989783045,4.702421457282952,86.12771436256011,47.87880633026283,55.77049961631453,13.05200976516734,17.98994354650992,23.094372275060056,14.240506120567831,97.38629706253565,96.21376297849702,37.30588428662031,35.805927967996084,60.65655411866005,33.28876871760158,76.59473783180428,0,0,0,2050-01-01 00:00:00,No Failure,0,0
VEH0036,Kia,2023-01-01 00:00:00,17600.420910079345,93.39638036566676,1665.2714563577215,60.52689508126659,89.76974683151278,50.12176766814677,2.607403195221602,38.01778397321486,24.853019534373956,63.60925785542211,77.49578674990312,2.034507864626564,3055.2110327705955,904.3127982183494,7.547907647712386,44.69426415706451,1,74.54179463406072,14.95475549590089,45.49424707932954,65.99788582920824,125.45504632623911,12.731861818520462,43.39545201058184,29.114491871877814,14.278406013918842,61.91552251780712,94.04817400023238,25.77374681843427,31.151129512362225,40.45012394114168,30.9176032401384,75.44550948620503,0,0,0,2050-01-01 00:00:00,No Failure,0,0
VEH0046,Ford,2023-01-01 23:26:00,77348.14918944167,96.6390151840986,856.1172839629949,72.16890822698065,87.21788314286167,0.7521868448338576,3.850112609562636,0.0,35.80398893028345,55.25404375564203,388.1201298187012,1.422136555266572,3096.110447550406,1062.5308685146815,7.247559377557,60.59204505893837,0,14.289689475116262,-2.3847687411959697,47.32077079722371,84.20383346589875,24.121940368248158,12.708366661156672,-15.033628549282668,24.233528380412,13.68191108916764,95.83713380724998,94.90070909693412,91.29186882399097,45.80202757818281,65.81895796639463,28.488972584666666,81.7734844663755,0,0,0,2050-01-01 00:00:00,No Failure,0,0
VEH0010,Mercedes-Benz,2023-01-01 05:42:00,23074.564554774548,99.87279141631328,2757.585189118456,33.44290429449039,90.61544041572904,86.92703652823911,9.138805160513586,55.2513775968808,17.196747624709083,94.17810981224702,483.2352770894595,2.464907423245923,4175.53415521872,968.5387031002635,8.3033942151527,99.1857224261601,0,82.52638569446749,73.27076050425484,51.79172230181732,2.770738962248544,49.41245114394621,11.822899011218396,25.10595024320079,22.89088909145782,14.347518958507068,96.22331885721412,95.07525677892214,66.16845300062162,36.092427095499445,62.06981073664158,30.28482300693587,81.61617305262865,0,0,0,2050-01-01 00:00:00,No Failure,0,0
VEH0005,Audi,2023-01-01 10:51:00,56369.78535330059,91.03377926444638,3415.6393029646297,33.963103414920255,94.99062979841736,31.446780957234463,6.215756506396748,23.51444433116584,27.66307863544022,31.477768790776445,494.1589253636968,1.648765930396774,1527.138875929635,1106.4588581977907,8.880485713386458,7.4887979360775745,0,96.72321112210297,88.6900221938597,48.84152770792016,37.643420926926986,87.32308864957977,13.145426400164691,-6.155808747570255,19.109275873894795,13.85818458049068,73.19576151723743,98.86331406866864,46.633353768836045,32.85091314442163,44.32727610776331,34.474151356347605,80.55983788570751,0,0,0,2050-01-01 00:00:00,No Failure,0,0
VEH0010,Mercedes-Benz,2023-01-01 00:42:00,22534.014280343465,89.63903041658277,1037.9799994117725,39.65277677281191,88.69206684960086,16.91551485580408,7.053042247857259,54.40306159700792,17.67459602625479,55.405366960932085,150.45100139371365,1.586995827269429,4170.3371869907005,1022.2546881644556,8.413070596215157,69.2152411259328,0,4.740698870895422,69.47911664791826,49.92709621294492,43.92019003101737,102.25277416525324,12.348929245277295,13.030639651427768,22.03287085589721,14.33023310435517,95.20809038192256,95.12585115545824,2.8001578207032054,31.532570544385816,68.76976726610275,31.25291481491012,80.19696390849101,0,0,0,2050-01-01 00:00:00,No Failure,0,0
VEH0007,Kia,2023-01-01 18:00:00,41994.49124522306,90.29349006270871,2725.7408255411683,49.85745769338163,87.04401784249738,64.90007041913202,6.663498868359277,40.074012028484425,48.9953322224122,25.61897272044425,572.9296584503406,2.302890169223087,1806.1319898307877,984.375619919068,6.50501767460043,-4.313693604663456,0,40.86873792762171,7.738374594921119,60.16830113813419,32.33870284060718,71.86439495815647,12.426253991852722,3.237570679582244,17.20577924389539,14.042423763723198,94.9662791578169,91.93213254442118,73.30733449496691,32.67625465978068,57.48950916139192,31.397511607173808,83.96252628461835,0,0,0,2050-01-01 00:00:00,No Failure,0,0
VEH0037,Ford,2023-01-01 18:42:00,30599.892242200916,90.79070771963778,700.0,43.95098450540087,91.11834098635458,43.18361817621423,9.869082817826762,23.7070994713832,61.36403847638248,19.98313912384639,562.2064327284439,1.7616898496235187,2278.9606269894166,1000.4815072064878,7.9027859435129395,62.716722988007874,0,28.755259583533757,57.09264896633497,67.98248126727121,47.66063046105434,3.5922429344623907,12.043967510762537,6.088432793009735,21.220982199976167,14.52289429298586,96.1869041651084,93.29903030366596,58.4260427805582,33.852764758859806,65.63129687010091,31.156865017142223,79.5143269743528,0,0,0,2050-01-01 00:00:00,No Failure,0,0
VEH0007,Kia,2023-01-01 05:50:00,42155.95860744355,91.99002280516098,2178.7683577855014,52.95974283277207,90.0550646260412,46.21520553657743,6.445598066399498,54.595421546210936,18.44434879152479,36.91387834105134,213.32091818387823,1.7156455543367797,1807.2106938692248,1046.2409823987264,6.483445258603113,118.61246573878368,0,78.84058992817761,38.80672824065075,28.88348588211692,30.972708742174703,70.40244490179852,12.77532530387503,21.535695190044088,24.70271625596546,14.079373976947185,54.52420970254326,91.9166732333976,82.05334692195986,24.197623829963216,67.00961189485521,28.337498156757647,84.4504373807417,0,0,0,2050-01-01 00:00:00,No Failure,0,0
VEH0045,Toyota,2023-01-02 06:55:00,91197.92106652344,96.34055343245616,2450.9058711710145,46.73645582580168,87.54221050152101,30.539412368852204,5.208042609924197,53.42691440585401,38.452836595796605,33.36622822108441,399.52865943777135,1.420185347973746,3099.9600645864757,971.9610802032392,9.590552543902508,81.10816947663712,0,40.75281355721968,90.93912129771826,69.8576512973251,85.51504294021814,73.96962392045039,12.476923154901815,13.108878654559472,15.307633081977494,14.42830952777836,84.1367226610848,91.8786037539412,94.87465954620382,26.02284158048313,82.75100746618617,28.0657792549646,76.07135909768132,0,0,0,2050-01-01 00:00:00,No Failure,0,0
VEH0027,Mercedes-Benz,2023-01-01 14:11:00,87899.09109109339,90.57324104689204,1510.3369673129473,34.73001988929799,87.49231591738699,52.8391777732104,2.9113841387382884,17.516385035309938,39.97781690844415,48.38282136877095,401.37273248846645,1.6066693353363857,1737.8600621184653,958.8809598950264,7.870932878500949,146.17741747419856,0,22.98289469430338,28.01395205523716,47.13878311498725,66.86869020132546,35.22016060258264,12.446364962690293,-13.912774978026818,24.529401729285524,13.974045863136087,63.71246424491953,95.73880536630767,29.546096320687177,9.886234378189265,74.63701952683289,31.508034166614525,83.62280125527707,0,0,0,2050-01-01 00:00:00,No Failure,0,0
VEH0034,BMW,2023-01-01 15:00:00,42328.30343050715,99.0145641064244,1639.02093345431,46.862465237583216,88.18749863421456,79.45710070989665,7.556423114293196,19.754033085845467,13.846588309380516,36.01782527546069,423.6822431298136,1.7296076224231616,511.0084953471696,1093.4854504245454,9.119888504606546,79.60121983513734,0,37.6557998862792,23.599360361468904,13.831089179502698,44.52734449649749,-2.069785023909453,12.896039728366892,14.078283872335994,23.44620447900672,13.71915700873848,92.56460201220864,94.31459715909526,23.319371062043864,29.614925873920363,30.987480066331244,28.182149606615532,80.81661792236119,0,0,0,2050-01-01 00:00:00,No Failure,0,0
VEH0038,Honda,2023-01-01 14:24:00,50262.63010876842,87.0171675609017,3089.2063831914274,39.93272162512403,85.69020017865975,59.740154730120445,6.663793897470086,50.55193202641284,21.08145024025392,52.33799697901308,536.0210972436204,1.4664073841167422,3852.8208990423145,993.7725669916302,8.074983168377697,-12.139545782783898,0,18.040693696263045,91.37665602455895,70.7364289029032,70.00919090018895,62.97648605876043,11.997098912803276,-3.10709293730088,24.46646377999791,14.793960408087369,63.53733746225626,94.43734598253712,40.15681122636249,30.419193051286506,56.675018857486265,31.25352378563838,81.92184750423229,0,0,0,2050-01-01 00:00:00,No Failure,0,0
VEH0044,Toyota,2023-01-01 07:12:00,63971.63371713653,96.75906955935544,2542.480918392871,57.50867258763247,86.6407866359988,32.26796757710883,10.916954868324718,78.19533314508901,9.369616018472763,40.850249499923045,310.2856465767016,0.996259906899202,4005.830783207085,1011.2769002602204,9.367060192401537,72.4858798329549,0,47.77421058107716,85.1395925248172,53.34405240691128,96.43245556592774,101.5264384872967,12.00078049091856,38.94211290223254,27.905496408247217,13.964508727190877,98.3408504345504,94.91116786933917,50.21580094830572,31.11417462376126,68.92557103866056,33.87903559216871,80.9445826463717,0,0,0,2050-01-01 00:00:00,No Failure,0,0
VEH0020,Audi,2023-01-01 03:50:00,97946.83958636229,94.52593243369908,2822.9535503427496,41.04798186366405,91.00860244370936,91.64299954812356,6.128370142401678,46.19077598148751,25.12993933546868,33.13469480127649,515.0287061930479,0.9856098709858756,834.2299028874863,1037.4689950043885,7.505027751446502,50.006346190649325,0,21.22749753948697,33.58695556509505,59.23884053424536,18.177868903878696,14.585102745275996,11.929905872352426,31.05712038773581,24.100652390394718,13.862864550820351,54.01372550571492,98.45895337964936,89.44905780076027,34.3767249327927,56.241415150247335,32.10455421706691,79.29533904805577,0,0,0,2050-01-01 00:00:00,No Failure,0,0
VEH0044,Toyota,2023-01-01 12:24:00,64590.83573510298,92.4566982210532,2827.178927021788,59.75109574090882,92.97415042427578,59.85454309053144,0.7299862314062704,33.37269804583611,28.96923162839471,63.93531555851582,491.5701603599274,0.4129729337421077,4010.488296787168,986.013706511498,9.256932392484734,87.12189610817533,0,47.75822562335578,51.68389886682567,109.89905292429064,70.87150947823318,53.42495712014142,12.16574016056,9.587693828649025,28.661311447756827,14.218064627534506,88.35140357837753,94.83835091571729,108.10562281572048,30.048491370936183,82.40319425326803,31.389433044523223,84.64145949028564,0,0,0,2050-01-01 00:00:00,No Failure,0,0
VEH0002,Honda,2023-01-01 16:30:00,57010.90791687564,84.57548409838421,700.0,57.32915984013296,89.05531668819181,86.2367274892001,4.2198626593101976,57.324021305800926,30.219298547575477,60.11748157228354,692.4392897556784,0.8463883385903912,893.0486538987792,809.2349238712832,6.243376043025253,54.39287210948773,0,11.485588961774551,49.37733203119749,62.68072505704607,24.41696790197945,44.523774360099225,12.151062537825531,-3.5453607416951805,27.362807904771778,14.215467376111905,71.91743937357188,98.25559841799492,49.355510994342,37.151633381372285,80.44143204948755,32.65000831754952,80.78719844897246,0,0,0,2050-01-01 00:00:00,No Failure,0,0
VEH0035,Chevrolet,2023-01-01 00:18:00,77655.52414703164,89.76130656816274,1804.1584065912048,21.922441017795112,88.6056352533237,25.97116494041581,10.065758550776753,19.56817620631989,48.57602480489362,66.37656276181518,302.03228080988,2.330969324254517,897.0616352369369,959.6977392107844,9.116870124745065,77.26893177710346,0,6.24493959778879,40.44994308879652,70.85881660521746,-21.16992414311231,94.68735904914836,12.65483623026404,12.463728343078357,28.74695781134204,14.487919659484108,68.7962867419116,91.10370801148252,31.15118653781505,33.424063999809945,46.15294432663439,29.39985818177797,77.13271504433474,0,0,0,2050-01-01 00:00:00,No Failure,0,0
VEH0032,Chevrolet,2023-01-01 06:32:00,13724.98754891714,100.0272160690634,810.1441229304028,51.70277855510149,96.37175037280574,22.747765725512338,1.3750765509368694,42.86763385633462,34.18673203217557,58.81500703555716,553.4831204727569,1.671691897056292,658.1181503417212,1068.9015435368244,6.213489887895361,-49.14847186595173,0,36.56016882228349,86.37006875427228,29.196629630352504,49.70863135859298,76.24136609389042,12.710980133498929,0.0994718537786578,23.68256824908111,14.243016065180102,78.31950728105264,94.17184271640858,85.63382271724733,26.183836589437117,69.4574645717028,28.79038658716993,78.17283905852588,0,0,0,2050-01-01 00:00:00,No Failure,0,0
VEH0032,Chevrolet,2023-01-01 00:00:00,13578.94826427006,103.68897257974088,2061.9855483844635,33.542795238213614,92.29377995096104,87.40239968204634,6.072382070814141,47.01766625283925,48.05743486181092,49.3723408650084,411.4341036840848,1.578947834749756,656.6483810841404,1156.047946645983,6.266606816234013,71.3235534902115,0,66.65346106256223,118.42475906369364,32.61156446572801,66.61123811388805,73.1643235099176,13.164268626792682,-32.17940036865435,22.21538889607792,14.171726967668942,41.80229158643818,94.19290469824487,76.41880512404111,19.861525778114228,81.12805743796781,30.726665572907564,80.90427037656599,0,0,0,2050-01-01 00:00:00,No Failure,0,0
VEH0017,Toyota,2023-01-01 11:29:00,14171.306727484887,97.94279474029692,2765.838121330109,58.04921756224061,91.08463274689554,42.19618013577856,8.488553122710222,27.455078227767643,33.26310309502281,57.69382145867496,505.1845089021357,1.801518358599215,2079.376602934478,1001.1960434814548,9.603616106627852,35.61794896313233,0,15.45122434464945,88.61271968872845,-1.3352086082838284,4.657008624143103,84.9512670884727,12.167587734525684,-2.3905785464745257,16.013482870446296,13.447312317726984,51.23299728409741,99.09651931816737,0.5371314474949429,36.657711257664005,55.958252020265405,34.16087332026998,80.06727094331204,0,0,0,2050-01-01 00:00:00,No Failure,0,0
VEH0036,Kia,2023-01-02 01:40:00,18284.796511012093,94.83771921802064,2593.452259484969,39.19537790372378,93.93710968847752,6.676316815122796,4.187132116308835,0.0,79.07674212140009,55.67431590514811,671.8763325435684,0.2161051628230892,3063.0804646674787,957.4082638681438,7.401129312350922,63.422588185425255,0,81.74300957833978,53.469763259922594,45.96617840427297,115.16826438504894,83.12394335070724,13.042561459502531,37.118000189579504,27.958834391570544,14.492389521210324,70.7056809280918,93.96875563845352,123.2239224360046,27.407205858851768,48.07473778212176,33.841727941411605,83.38872403201964,0,0,0,2050-01-01 00:00:00,No Failure,0,0
VEH0004,BMW,2023-01-01 04:24:00,21722.07992102852,97.4721767447453,1587.6585946491264,49.31225438226109,87.62426042246254,91.2030921164141,4.069892767586502,16.495263223812906,17.40363753542735,71.14606776004244,251.6529945523276,1.779811659046777,4305.383705335647,1002.4002140491642,7.78767519818572,118.63175310173705,0,65.97674896909793,63.25151708284812,107.46908848483284,107.5196382596481,103.65928423845624,12.468028767850264,28.17875933878801,18.54578109773061,14.573623005245938,77.02694241937965,99.27391810808214,64.72187049991025,30.111849165556524,60.75672873304603,31.58636315207301,80.22426510680793,0,0,0,2050-01-01 00:00:00,No Failure,0,0
VEH0046,Ford,2023-01-01 04:46:00,76546.91693937438,90.30838793803603,1149.7707991182651,41.95606483029068,90.94471985711196,50.690482140204594,4.1554487954244586,72.28601304983539,73.64734723832939,75.71126719830967,398.7436072679625,1.314392677446433,3089.4337434697354,923.6812581183664,7.401536302248689,62.61018544253632,0,56.67346194544276,56.36495457275957,46.726131678015975,83.42825860304598,103.62595740348718,12.997116527906186,18.09164808129935,21.19795133803898,14.81755808164457,77.82022013485563,94.99042203349208,71.5509617018643,24.468057591318978,73.85043474274077,33.28280844576107,76.66860906766742,0,0,0,2050-01-01 00:00:00,No Failure,0,0
VEH0003,Mercedes-Benz,2023-01-01 11:48:00,45456.00876881794,94.71491525959236,2546.257595673138,65.08087659560097,86.52155361480798,63.81995142575831,5.339740033829166,67.03347655740836,62.91963852580733,42.23758456792596,403.3255051221075,1.7877540424574598,2049.6659053596977,885.8877167377524,6.027172390595762,92.2994097822164,0,77.29448017533667,41.351036891086615,67.30729250777475,117.35887768918433,69.26538402669229,13.19547496081346,53.05979247708414,34.921186466628484,14.31107377642596,98.82222804942124,91.3236786285637,60.89113547751995,22.65907214494235,27.58550734327157,28.538080882616576,79.69634347554783,0,0,0,2050-01-01 00:00:00,No Failure,0,0
VEH0025,Audi,2023-01-01 01:06:00,32432.658785312826,92.81667157375766,2002.4085067351004,32.67299511948946,91.86176096529732,88.49893277699566,7.647065997849403,56.65762650778515,35.55710139734538,51.55654616280161,247.61353892274892,1.6975143751403552,4361.139889633583,883.5949728144798,7.601638452309276,-19.23562839238319,0,78.57365353190791,75.48435222476529,97.26862930089138,67.459007100403,55.95802332733027,12.579584886164724,-2.756200959909215,32.23834898018013,14.374049956213184,58.710131971098704,98.0724756991772,70.54236761593845,31.97818111755341,55.86954385690071,28.31694501822089,79.19668704184048,0,0,0,2050-01-01 00:00:00,No Failure,0,0
VEH0037,Ford,2023-01-01 12:02:00,30471.798507949712,95.21586454829318,3103.2723873976074,36.90480288898212,89.1719590516757,28.53430432768505,8.473309210534438,81.97492698620195,39.375930806501806,27.94071263846748,417.1864294781953,0.9259880671346956,2277.964053237123,928.4043960869972,7.916706139249419,81.50798697797266,0,76.59203964974863,82.79419972128888,61.50613109797062,91.10729770528955,95.975101277249,13.109245141035233,-15.53904774456672,22.33091886726769,14.162955813083167,55.92829833874589,93.30656004521396,29.1564750231883,32.01626740338605,75.17919158787501,31.65177501471521,79.04870084805157,0,0,0,2050-01-01 00:00:00,No Failure,0,0
VEH0018,Audi,2023-01-01 02:06:00,86394.498875973,94.07790951922756,700.0,38.00707287507392,86.74784318392544,92.80826907000169,2.024955901150462,32.363528113551666,19.575085500400377,78.73566849669461,535.2041179234336,0.9833905724679836,3852.461855583329,1162.7043287493989,7.304785210347285,141.23583521292974,0,18.23108169285712,40.92421503600965,61.12965571750863,34.80390038488233,26.90024696275128,12.287488528246648,35.84147746332361,23.180549249433,14.517214475600806,51.43352902669525,96.0720403484358,128.40996041363863,35.9824210130252,67.86780882563886,29.078123006611968,76.10133081067428,0,0,0,2050-01-01 00:00:00,No Failure,0,0
VEH0046,Ford,2023-01-01 10:56:00,76671.15720078172,90.50844019986704,2036.798144471317,41.330033146238094,89.63554631542436,47.9184147208657,3.099241719758329,69.50200402014211,20.221660823392742,77.88679680205108,341.00515858806995,2.151211386893626,3091.043506627383,1096.7801473132522,7.372919017358789,50.63170131925808,0,71.83254644468009,60.00710781826437,66.55347214375283,52.06700737715662,32.494699463005176,11.98356975683666,13.262797143087578,31.315460760452574,14.049499479850056,56.279264420918665,94.97508754232904,62.66556658180629,33.153809328730645,67.19964261814475,33.42852161919997,79.43803541242711,0,0,0,2050-01-01 00:00:00,No Failure,0,0
VEH0020,Audi,2023-01-02 05:36:00,98516.26028346716,99.53614429290435,1408.4748347430332,67.3724793062764,93.69373121325916,20.010333896180256,6.417273715125231,64.0890111126624,67.58983283555916,92.28198786249706,703.2055049718849,2.181158569013286,840.6187187283598,887.0220638698809,7.341651102116791,20.202153888085547,0,8.315954468168785,101.45726591387177,67.16871242387843,32.57373039728554,12.764192585739252,11.907032716660474,29.537185003367576,25.624570526292647,14.767208103921256,82.74310119234326,98.38508032707824,138.12903891558886,18.61623287890643,52.44583327606908,28.47544462390087,77.55271161330847,0,0,0,2050-01-01 00:00:00,No Failure,0,0
VEH0047,BMW,2023-01-01 00:36:00,85270.64906269113,92.32628395652593,2322.7727741671324,38.24494866130253,92.38649412699716,19.194719620802537,0.8801493753819685,62.30304303435295,53.47717504605809,26.257254575858997,405.5570043462197,1.6394434598805632,1831.23055596748,937.6029704213714,6.420172593873954,83.13101888273673,0,40.984671042275565,97.29955577225428,55.16015659499256,8.917120127768193,43.42486289849816,12.454084564823098,-0.1241957268533067,27.47035431603463,14.384718622506533,45.85980422816607,94.97773673221236,86.29822151807676,30.945414837125615,56.175436410136754,28.51731549189227,79.98745542380094,0,0,0,2050-01-01 00:00:00,No Failure,0,0
VEH0028,Hyundai,2023-01-01 01:12:00,46047.02624137323,92.7102875649857,1920.517736429632,36.63907441180052,93.37075891447016,47.04332481655368,6.492239807204582,35.334456867628724,6.49176598385251,24.942349339630717,606.8587082028225,1.7800858874495828,4716.24302249654,804.6599489037858,8.799385990146385,102.06267528973387,0,63.23205699592332,113.38523488325627,44.69474477034213,73.57922218158677,57.19853558659038,12.506289717286217,-13.955630243585986,23.36895152138858,14.279887010631391,89.21036583099526,93.4282316236866,68.93381231048463,43.68015609549915,73.16356013946948,29.35242100881617,75.12022136890056,0,0,0,2050-01-01 00:00:00,No Failure,0,0
VEH0005,Audi,2023-01-01 04:19:00,56572.65830163215,87.82328372316924,2245.2557462751743,26.153153225608737,89.81346542896136,40.13579321527877,3.724363945474934,73.91442433821032,46.934966997049685,61.822842803595975,337.564942308467,1.1857644235996756,1528.8277579000428,934.9156052603752,8.846910352471829,13.88017279693851,0,97.2593086784974,107.51008430437584,111.80744971042036,78.11967554034993,140.47236513548808,12.438103607328676,7.300287012527636,29.48493426796852,14.059290102617648,47.10238746213474,98.8429286260706,82.17952618002776,33.986671794851105,54.38398462690341,33.520574466624325,77.20905207404257,0,0,0,2050-01-01 00:00:00,No Failure,0,0
VEH0023,Audi,2023-01-01 00:50:00,42486.98974518988,93.48093724477305,1999.1463218741253,41.97874012721344,91.10856567930072,2.677333090199152,7.399015991186632,56.02860325466068,45.18099481100026,34.76935774246707,340.4016815272823,1.5428781499323008,2805.441887576574,919.3324338945888,6.815474542842366,15.782746567423048,0,35.74341403265555,115.76028234025203,59.3269141692906,122.67215790913816,93.57942152372968,12.005741639332584,37.86318043028658,23.032017209437488,14.469784780918248,84.44361476692026,90.99713127712094,70.02382329733103,11.506232163347056,74.68290183335006,33.12030380154599,78.58995419473541,0,0,0,2050-01-01 00:00:00,No Failure,0,0
VEH0023,Audi,2023-01-01 10:21:00,42856.34768351508,94.56917113282566,1614.939505977256,52.345823324500856,90.45208105655152,10.735990542815133,8.626677342986657,31.4832275127628,24.00096551414584,43.62743331085486,353.6703554011895,0.7900078524390677,2809.184983391636,1033.1381909572417,6.717810014083568,7.112209596111796,0,19.649899945533345,33.84349831813292,84.20481229091314,81.14959712999581,-26.14490231742849,13.900098349949229,17.786401784230307,25.66508040842989,14.592589656043431,42.39298482248035,90.94765295114468,136.2891921017292,27.1093509412462,87.83214543522917,34.87053288201373,81.57755652438844,0,0,0,2050-01-01 00:00:00,No Failure,0,0
VEH0028,Hyundai,2023-01-01 01:24:00,46147.86971185461,99.02793942883676,2779.867949072056,51.2482025612581,89.28212973843101,76.99060565961578,2.452067079517674,5.365244249845269,10.313860126684247,38.61251900962532,329.3102167290923,2.000581835340266,4717.748683199469,1015.520092690006,8.7771694231108,89.7290906485696,0,29.329907275141444,48.304031231969375,79.79605590622131,90.85223299671377,75.46819331759208,12.87166955937335,-1.4226241425082815,28.01653787077245,14.611265418248472,91.64649504118842,93.41728591863011,120.90468663134988,25.777350140998493,56.4635331925146,34.446009593069256,77.09898852918202,0,0,0,2050-01-01 00:00:00,No Failure,0,0
VEH0012,Nissan,2023-01-01 18:05:00,44062.57405524661,97.31482742479588,700.0,40.0472581125882,93.33175317068684,36.35274781461719,5.259301778446878,14.85491521142179,38.45738903634435,36.91835671349183,780.452037290167,2.36632377485568,2502.054538381878,1012.8032305380452,7.29082243123228,92.31441716145936,0,80.70312800019596,88.58687912080879,1.5374443732226268,111.55040447223264,86.25925773722798,12.731597803815593,20.75874669899597,26.595297100192063,14.167491365547068,96.61982642565393,91.5693839314269,36.40985304156843,28.54343360280018,77.26013454824636,34.765611132857096,83.30743848508675,0,0,0,2050-01-01 00:00:00,No Failure,0,0
VEH0031,Chevrolet,2023-01-01 02:16:00,58643.661581445805,93.72200228045382,2272.3151932222304,34.45312667755564,86.62848289451358,47.24332990069296,3.4630266549280537,60.705300697062384,56.02562740201198,94.9182957458479,348.7373222876853,1.3166385661186135,3229.953738206761,1140.6889808645244,8.733914583053418,90.8687159944034,0,99.63173034475606,113.97637214328816,40.84120207200903,26.19831509012669,101.15145607886336,13.11570329280908,7.86739067414049,26.499037896835787,14.64135190780487,63.17931123244277,91.78382527434192,174.00529535527352,30.17366396384622,60.86988285416301,30.85504704644388,83.51118172315492,0,0,0,2050-01-01 00:00:00,No Failure,0,0
VEH0029,Chevrolet,2023-01-01 20:19:00,60058.43010159485,98.14150632463767,1641.540218874051,49.39841158231433,83.57570647816031,6.8405271132987,6.5769157579917294,0.0,62.904095760897896,36.96313295858305,356.53797345020325,1.7838489491465646,4549.6777933802,1058.4474411630424,9.178796518360445,49.70487570325509,0,16.299181442974575,71.13611722111052,101.265951317897,25.939302211653,2.708065591047145,12.662456879868309,1.340686638945142,34.515511666357234,14.39653269386881,41.25250508303188,91.42010681366436,18.078917196654217,25.42118735731774,66.09323909999478,33.2308830455114,82.4542861733137,0,0,0,2050-01-01 00:00:00,No Failure,0,0
VEH0023,Audi,2023-01-01 20:48:00,43350.437960139054,97.84297620183706,2953.1529615858462,56.74098776945738,92.96196855585816,9.167809811492775,6.597379236912623,15.75202594341945,60.97126572228791,49.38667920085327,151.1177429227647,1.573646839508201,2812.8132675815955,927.7803558277838,6.645331486378786,132.47766356798232,0,81.80072630292399,122.98778880386362,59.86186967096691,34.15391767690836,31.621902917041105,12.015577245827224,34.966217274023904,26.30941608255541,14.358032646379447,84.88453740303729,90.90235852036643,115.14274008798182,41.33506634512575,52.35095835109685,33.033799567131254,76.88050341995718,0,0,0,2050-01-01 00:00:00,No Failure,0,0
VEH0018,Audi,2023-01-01 15:45:00,86853.33943798147,105.23130783022847,2688.55455552266,48.56010068174001,88.54542035109498,57.3327162952756,5.96276302304767,46.05899918297835,0.0,87.36569880495477,405.2338096428454,1.7490217207465333,3856.3585487168007,995.5000341135872,7.206166614881083,50.14386149465869,0,81.25414203958995,74.33256738225494,42.8329758215738,84.85165282422032,34.7145542376295,12.421614420235445,0.4377956165968459,24.583215907970647,14.196712646778003,72.57546851067406,96.0282010702993,67.0959000913363,35.48368122193431,86.15103897489061,29.037004997632245,80.53013045104262,0,0,0,2050-01-01 00:00:00,No Failure,0,0
VEH0039,Kia,2023-01-01 19:40:00,24041.02421292475,90.91570926393136,2858.1371764438964,44.57892510266145,90.31737981545844,94.8702502617672,0.565930098916378,38.58941906604388,28.96153531152011,76.55221883054543,378.71837963982847,0.9561629181153632,823.33494253232,1060.5291658572712,8.687332122492332,67.4094735782997,0,58.12875259857096,89.72094867424813,4.275225618344372,102.8086851941792,29.390738397979145,12.775163452803868,14.804646478971204,30.727986899835688,14.000218073380372,55.2180056102298,92.79462010182368,36.94142858349426,22.23998003932291,70.7737760119578,34.92802370771139,79.24873720792858,0,0,0,2050-01-01 00:00:00,No Failure,0,0
VEH0011,Toyota,2023-01-01 03:18:00,88095.29108056027,91.4562786822289,2469.844749287917,42.38163106940016,90.92103814996422,5.130989908678652,5.235436483047884,42.51059147863853,16.457410089930224,83.04359537302875,121.32114925254734,0.92834574740569,3897.456749814745,954.1401995484237,7.658124288616006,48.036285103208,0,86.18967499568271,42.20795461242008,72.73007656597613,22.827988119495625,34.03161540895836,12.652765727786951,28.34503494854632,24.000505985957577,14.100824131475497,48.12647234290765,93.61605444027124,0.0,41.53263934408999,63.260264125622655,29.61216781309049,83.96543010397963,0,0,0,2050-01-01 00:00:00,No Failure,0,0
VEH0041,Audi,2023-01-01 04:05:00,49514.19081043096,96.31428298387584,2404.223178726648,50.21970948852152,93.00260374650964,54.11952093016481,12.583227970560316,39.2266549284701,20.689187305850226,39.6323896614715,437.9774984977364,1.4814926038321283,3139.999734718802,902.6946614642736,7.156510824234515,97.11114578077508,0,9.405917261237809,91.45374009122855,52.91008013985503,130.92685255883015,66.42803298964918,11.88647951378763,-22.68928633119945,23.06899636677777,14.007072870568347,81.71258509231282,97.6596046393071,15.580987954995337,30.235732408977142,65.85734957924387,32.611583282007885,75.53880678438925,0,0,0,2050-01-01 00:00:00,No Failure,0,0
VEH0018,Audi,2023-01-01 02:50:00,86534.5927117362,98.17389681169554,928.2667062331428,40.18568919258576,90.92236340985748,6.566123384230115,4.2716334092339405,85.13657229624205,26.87011468386632,52.27349594147216,168.71785521345674,2.061756721780028,3853.7156105983913,1028.1560779020629,7.278190621315531,85.58547247052468,0,73.46993323259183,76.45760242527786,96.3310162387978,74.8029834680899,111.18840579700748,12.752903938291288,31.234859310368957,22.04499422009458,13.75827830182194,60.60837601978864,96.05641577542372,119.17441995004911,27.255949157467217,58.44872493796496,31.31117484420471,84.25949404433422,0,0,0,2050-01-01 00:00:00,No Failure,0,0
VEH0021,Mercedes-Benz,2023-01-01 02:57:00,75500.57283910653,94.21681505495332,3027.497958102725,63.76176456271057,87.34550965114843,40.56513070480645,5.614549716748275,36.026475698273174,41.570347146838,46.573307273245845,441.96656090852633,0.9539408148227196,1062.8321497455618,1121.6813046872132,8.205767245137439,37.01916793458052,0,55.991582194500445,49.28259867735093,66.4748438315371,47.73287543707119,6.122551458654407,11.936241657584455,40.12951863878645,23.33070730196222,14.083400142850325,96.19441093077542,93.05882795183618,72.37849057679725,7.560843668731124,82.91461573641521,33.99925047289645,82.94070098533433,0,0,0,2050-01-01 00:00:00,No Failure,0,0
VEH0029,Chevrolet,2023-01-01 10:16:00,60054.031116687656,99.07667883654864,1887.2360909282445,50.30179018955975,89.89443916631157,55.366689282721616,3.562904936994907,44.6508533728246,26.88516451794019,66.84067001662154,220.446294332376,0.4379616182299313,4549.561558920937,925.8871622502644,9.185714527574447,223.8302545038398,0,74.28527972792727,27.39798145100803,5.80936770288826,87.95385247825877,63.55556895152314,11.854564402157576,83.36279551716024,26.22896986034076,14.121319790786728,45.94466605531528,91.4211183993419,76.14530081963473,20.453627485781222,49.83428340828711,30.609054773796604,75.29884131096534,0,0,0,2050-01-01 00:00:00,No Failure,0,0
VEH0038,Honda,2023-01-01 10:00:00,50191.73537473941,100.17895809596736,2222.5375209488407,48.91195869988943,87.74239793154328,55.704427937891545,8.254938886164634,39.174803058771786,12.526329174448083,20.6422786289998,700.1800169243065,1.35703706850448,3851.988380847765,905.1851049131908,8.083192468061219,16.06750016769672,0,11.05375775283104,25.26620466255436,77.32061641144222,3.863749052383689,94.6864033961328,12.215947374103052,28.82444682989828,26.197830804224907,14.532337603762551,77.82643540866133,94.44787766901268,19.4505610470094,23.06515096092948,77.84832781715568,28.11179178950737,77.77094526896434,0,0,0,2050-01-01 00:00:00,No Failure,0,0
VEH0003,Mercedes-Benz,2023-01-01 06:24:00,45519.152593106926,98.85642518198851,709.7815448334638,38.77587796930805,85.82764035231129,39.84878650992969,10.75240015392476,50.49499794562743,47.07902979695684,10.525512934367512,631.3282443461858,2.06492267868285,2050.0608604760146,1041.123465969794,6.006766149983212,-61.68119445387586,0,48.07487316460375,93.7092126156886,76.71373646730419,42.24909120439253,102.30100346388572,12.981458598983098,-9.68824714063944,25.70237866064897,14.472181129811212,45.093730465411184,91.30780994710548,105.238741713134,49.25710041235019,84.5848946959961,31.31207862181737,81.44469224454721,0,0,0,2050-01-01 00:00:00,No Failure,0,0
VEH0037,Ford,2023-01-02 04:12:00,30968.88849967784,103.95985688877305,2241.8752272694305,39.10099992731475,85.54531012932398,26.22724228986293,1.5160695616657334,23.66438463358833,28.80347336845006,48.50336361063464,621.9517217180506,1.6305685261930558,2281.8572444359097,1010.373388992087,7.837769774257111,67.39312636380232,0,89.35014136808749,93.0347367310988,49.50327418326696,101.89136987794043,53.77275474926079,12.659397785184384,-2.829726631349388,33.961620686480565,14.18485940706853,54.53876477219461,93.26327571322922,59.66188216372494,37.29264482559804,54.9742987630317,32.12095867818133,83.4286340520537,0,0,0,2050-01-01 00:00:00,No Failure,0,0
VEH0029,Chevrolet,2023-01-01 23:30:00,60218.63968380031,101.67891389430626,1479.1892032578216,49.17835194226106,91.33250240679055,7.715865243232967,9.98712967762986,31.300396687722184,3.599869956732604,30.13164640650786,382.4684454063586,1.968567566883999,4551.699446767821,991.5011147893528,9.147850053371256,106.75786637922604,0,80.91813113867927,60.37663988039763,27.10591695047303,56.58999200421808,40.08275365613602,11.676243711773829,17.823870248586893,19.239667588646647,14.08959479893478,68.3276595522185,91.39753003799667,50.54533284956747,25.594707860462133,66.14844936093148,28.442518411920435,81.26516088507618,0,0,0,2050-01-01 00:00:00,No Failure,0,0
VEH0038,Honda,2023-01-01 21:40:00,50258.562867305845,103.49532325833722,1817.3143891516172,41.61942955237315,88.52427091410678,5.639368373242803,3.0488449248774394,38.26994532191456,42.220085647181406,69.14333995215799,288.0475431371972,2.2676172758372446,3852.507967220536,1149.8157268963255,8.079153165159248,13.288881958665272,0,81.34453823417161,57.85725418730942,34.19794815038732,92.57280611301806,-12.313682477780858,12.827613946012372,-13.187416361484324,23.26384124544182,14.187109303603686,77.59965140018119,94.44071898271118,89.61423770619112,38.984571778752525,70.0371445622009,34.606295449067666,80.82955549357425,0,0,0,2050-01-01 00:00:00,No Failure,0,0
VEH0026,Toyota,2023-01-02 01:40:00,94510.97188009084,89.15724266315172,2448.026868437789,43.62227814743815,83.50703190745654,93.44521765343204,1.3751614884795589,27.021524795781623,35.566270724346936,61.52634882900189,327.87470100910764,1.2417121209181508,2200.485985077176,994.9260407787548,9.610176441929914,133.67034425456097,0,1.6606451459064808,-15.173204602552374,35.544644855944725,31.18154355706128,72.10218673758051,12.266121740608927,-16.117213965767515,23.67038059697513,13.936069014611505,79.89059551806002,91.95373945680414,30.63389229152216,19.26665656924395,39.67668818302777,34.208098096687536,82.68445617294455,0,0,0,2050-01-01 00:00:00,No Failure,0,0
VEH0005,Audi,2023-01-01 10:50:00,55938.51861106332,91.74906310452349,2933.299290168375,44.39907841828176,88.45751827523698,89.06031882310687,5.72935766650405,50.36593698837673,5.603413784748604,61.78324258512826,353.3378524471567,1.595676014211824,1523.2095604590638,974.6730299090142,8.973590790163797,131.87805497441843,0,64.4654034517596,83.76852939573143,92.26721014159114,20.60986440352973,66.15986464630195,12.045886561814916,33.63582259318714,31.814038152973986,14.90476450524313,86.39306633722501,98.918497352699,146.80489800737317,37.91215081376494,53.24549933813563,33.749004599762884,84.36081864900325,0,0,0,2050-01-01 00:00:00,No Failure,0,0
VEH0003,Mercedes-Benz,2023-01-01 04:48:00,45953.27603023906,90.82284459179073,2168.904920182708,36.25861003775162,87.2339695117401,89.62920846617786,9.771627255056586,40.73984237125183,43.55381375302248,38.53200581848788,496.3155789882525,0.7188595411310091,2053.8195520854006,1012.5494274016504,5.930761024361062,1.556090513577672,0,95.78207339602687,81.25673438540431,49.98905187796926,85.83335654732103,39.125491432161645,12.26624821009422,3.323318774022005,31.750580253355857,14.50252219873927,70.54587747826734,91.2657897757781,105.04152338721184,44.37640128884111,58.86287393070733,33.394920802957934,77.11057623655573,0,0,0,2050-01-01 00:00:00,No Failure,0,0
VEH0026,Toyota,2023-01-01 05:20:00,94413.29367541434,98.02505523718068,700.0,26.76711201512687,86.11036901078987,70.1967233928913,0.6804887500593964,28.244895087274493,22.251922641005628,81.86872853287532,628.620216608389,2.024631277712177,2199.7222328919293,1039.6440137753884,9.626123742084545,83.34525878680273,0,19.82714531487838,81.3747743110849,81.6804167188394,85.65807530802286,66.3429492498561,12.52693382131009,47.59354017842031,24.137412438880105,14.120199985619587,62.87930785317624,91.96466083667778,39.23221475478442,12.559779930549308,57.4368831090731,31.877193358859454,82.74254214866156,0,0,0,2050-01-01 00:00:00,No Failure,0,0
VEH0034,BMW,2023-01-01 01:30:00,42013.170518503626,91.4681670583644,2315.837228304364,43.570070973312845,94.9795168191984,86.1860770611292,4.979216033671143,28.538474754578665,35.62021945850177,91.54442889262144,234.15085744815133,1.2341715235109492,507.2966601079603,1093.3599022746382,9.20723035753533,68.84482205093205,0,43.90758287151903,71.82668547562284,34.387391408171936,71.69417496580377,25.45369085975089,12.502018172210128,3.6939530143273736,28.42113835043258,14.235676231943428,70.79762925551259,94.35600701507614,90.12013785083062,40.151264929381554,72.25466765218087,34.42510826065782,80.67810710231997,0,0,0,2050-01-01 00:00:00,No Failure,0,0
VEH0036,Kia,2023-01-01 16:48:00,18607.99239650238,87.24615911366494,1323.969951195159,47.74386284003288,86.00874821616077,17.817667398646353,0.4507603703901353,43.09263261302026,13.200421831291354,61.65595861898117,279.11901250388564,1.696423889945799,3067.4850924664947,1043.7718289218485,7.311244859898452,102.53417223199,0,50.85462031553797,28.968713553762004,14.86246658832139,0.3416710052327261,56.59466348621609,12.913562740035058,-6.623877377105703,21.798683487797835,14.22798093318602,75.05894247622902,93.92743995852624,81.35917180368567,13.970901721985854,52.31574205190441,33.4223097190566,81.28693323754098,0,0,0,2050-01-01 00:00:00,No Failure,0,0
VEH0042,Toyota,2023-01-01 05:36:00,31255.74941187774,95.86746542264788,2813.037541835535,68.26685410906805,88.27184904386908,24.20587955260588,6.28253511953212,7.0634969510959,43.921235957868525,58.852807791813234,655.1817877119539,1.7491440506921443,2392.4268865518084,961.4465204040904,8.301910852396194,102.2299867219914,0,65.74858052381816,38.18690478448615,85.77553751541981,73.42899948931861,40.94789812104743,13.351155626908774,10.796635496773678,23.88431467155572,13.958544226851592,67.90235936574513,90.55761440150644,52.20614054744696,4.249960409046615,66.21247480334144,34.66107047845611,82.26030686558347,0,0,0,2050-01-01 00:00:00,No Failure,0,0
VEH0029,Chevrolet,2023-01-01 18:27:00,60185.94278954857,85.10778329308133,988.13453240355,40.45704230872958,86.21135108627674,56.425635646468905,3.4903267159030245,62.585487126379405,18.32251375806648,54.86990004193783,576.5799048021987,1.4592490821463822,4550.877028003617,954.007418188136,9.162796117854084,133.6827110583815,0,51.2532924138002,21.16702403709044,20.04365540196691,48.51570710383216,100.97704992264832,11.903454843858649,3.732944890826719,31.355141944736157,13.838941383543805,52.82102304746036,91.4065655886537,52.74440098076158,41.2230476694522,50.25739802369269,30.64744740620373,79.02055971835274,0,0,0,2050-01-01 00:00:00,No Failure,0,0
VEH0017,Toyota,2023-01-01 03:44:00,14137.619369007449,92.78972897219796,1187.4241968238478,32.82538314501597,85.77393658212141,10.660515745864906,0.0,32.47789578916324,28.89955790623934,39.618065771028895,540.6723422297356,0.8998586829839468,2077.616993932725,1111.7557676083943,9.624981579498662,53.27774436051962,0,12.25316464282148,80.90237875184772,58.94311894521992,75.17575235641577,100.2593534331784,12.899738951126102,2.707404270463747,20.23525054594595,13.942473517578785,94.42797452892076,99.10961368965457,49.676050071507774,52.03241374687384,47.21710421178002,31.68886931399837,80.91248632208705,0,0,0,2050-01-01 00:00:00,No Failure,0,0
VEH0038,Honda,2023-01-01 04:06:00,50638.99845288168,96.86376657906436,2221.180554884062,55.3182797755413,87.22952820452811,21.8001670377619,5.6916572930454485,35.98874458423893,54.15255295974144,8.568367608837747,319.67651159625814,1.8459296631875084,3857.079957778885,1065.0007417064048,7.993933053131215,110.20490623171544,0,71.38381935632833,78.21669943077164,27.23384991816763,15.843171319719415,86.97196425272162,12.230170568225544,21.734491022752977,34.34044991547995,14.035522451757952,92.00085991218847,94.39553118796736,92.40350832365525,16.924052124449823,44.48332887004425,28.08033211769324,84.98815088121488,0,0,0,2050-01-01 00:00:00,No Failure,0,0
VEH0045,Toyota,2023-01-01 00:35:00,90378.70937293816,90.97561211939316,1630.7039193506644,17.713852235017207,93.59927952622158,57.76247512516589,6.42617033716936,32.69847502080371,16.790036389046755,27.617205250990143,230.7937558503104,1.2551054729953266,3092.033226146737,1048.606322459906,9.787507100320386,60.713748680549,0,36.21667942377069,60.86830072639325,96.94301062786968,24.297493779038547,51.456451303671685,11.995711381681517,10.34526367491646,22.0898140802935,14.238950862055272,73.80435682592605,91.9682492840864,96.40238099201,20.40460172689073,48.89363098272322,34.68995170197445,75.35160612528838,0,0,0,2050-01-01 00:00:00,No Failure,0,0
VEH0018,Audi,2023-01-01 02:36:00,86307.9834365906,97.44116697267803,2272.923334718261,45.0860394828984,89.82446913685159,18.589794413126796,3.3274756299334136,0.0,39.39691213473035,41.89308775740378,336.15045898428707,1.486525506488776,3852.2027699453097,965.1315611842218,7.318516165509429,48.425407569526456,0,31.79060319472792,11.381590458691704,40.24645275302517,90.47263941478252,86.54375153822293,12.572357894672406,40.07669108613108,35.96874750940279,14.408052624523693,45.64912273836406,96.07974251093113,90.68081565804464,17.384676729977986,46.58865910490727,33.12941669173506,77.34299401167524,0,0,0,2050-01-01 00:00:00,No Failure,0,0
VEH0019,Toyota,2023-01-01 07:00:00,59638.13325132384,90.21279364769148,1628.7599969475236,43.7657473777471,91.54414181590816,76.8720803555123,3.954318439660762,21.346438088093176,7.8527965126426835,32.02299689059885,383.424516385442,0.7348784110124815,1978.5235402158808,921.5866507728064,9.459627992674344,95.2040388192441,0,42.72558849922392,38.2148820772267,23.36777536679039,58.24359559076742,4.20478614944296,12.062397055596952,0.4773825020599602,23.778525532605364,14.168297330201463,73.6407791036786,97.15986712707571,105.0795001810236,35.624464375884244,59.671878913610186,33.7343370620755,81.37862535196652,0,0,0,2050-01-01 00:00:00,No Failure,0,0
VEH0033,Honda,2023-01-01 04:45:00,34755.07613426955,96.62942274651591,2029.0776682905455,35.52044334910339,92.4145948438636,94.43253999070568,6.184131308243512,26.362625345046396,58.19031058524572,63.88111733465764,385.2636137145861,0.9813485606765716,3773.553575455722,1133.5531129727444,7.873742571393174,114.1759568590868,0,15.093339226790292,10.905635470034651,29.408429580001915,66.6132372249217,-42.23174116549757,13.201636095339468,-23.43575721151957,17.642972724636596,13.97820653325516,41.69468520714865,97.89248622430888,0.0,15.656125154290017,54.60155529039603,30.9595343282214,80.47175588102253,0,0,0,2050-01-01 00:00:00,No Failure,0,0
VEH0027,Mercedes-Benz,2023-01-01 01:34:00,86958.8725936326,96.4972339305171,2771.516191364598,54.93093848992768,94.40438583625274,51.578650144284055,6.875195529178203,37.99345357288787,43.8703797631337,71.43384836145486,496.6580384451669,0.9068866088090196,1729.671739209885,887.3412863194116,8.046811026239471,-27.57019870000109,1,44.17844307186027,41.15338005029608,-2.419686348024193,125.55438558515954,-15.197827168393545,12.849068251383764,15.921367983623698,24.715772492815827,14.01188074336947,57.93609183150525,95.84393030357086,93.12316853970228,29.78711848605376,62.90428920573342,31.686738856071827,76.85002141161358,0,0,0,2050-01-01 00:00:00,No Failure,0,0
VEH0016,BMW,2023-01-01 15:52:00,74539.86645866354,84.9409930815244,1496.454909232175,33.715183199122194,86.85629829307791,44.55054929894101,4.8372149084415215,69.28886247902521,31.715312903709968,61.277718748619485,353.575122686507,1.949909394632932,3408.505501255276,957.8044218777056,8.925487338961526,6.019714337035822,0,96.34335924397838,72.63728581571795,14.158199532242016,69.06306982373742,73.32418757764043,12.37080427682191,-17.390098923851014,21.416147527864467,13.561050540589402,94.05538831326388,94.77924647932122,99.65090553422984,52.08078608606978,43.303105781679385,32.11857357917755,84.80254767401331,0,0,0,2050-01-01 00:00:00,No Failure,0,0
VEH0037,Ford,2023-01-01 00:00:00,29941.589670932757,89.46564981298565,1987.640072878427,47.501807776452345,89.02647947792373,13.0011731929062,5.539463593067473,62.66290375595439,33.97873229339358,40.988723400386895,246.381421428938,1.0469678623974144,2273.991064004704,915.5769232549796,8.023780908811283,112.21318329169044,0,0.368691403203214,91.26227173162847,49.25710518119902,40.01420423910686,72.49842757507119,12.575511364637205,37.44683770505618,15.845702371222112,13.961615005082834,88.33154201908515,93.36043576385342,83.30736758465845,28.185019222924307,53.01954908249992,29.29605700295345,77.869637498722,0,0,0,2050-01-01 00:00:00,No Failure,0,0
VEH0031,Chevrolet,2023-01-01 11:40:00,58518.87830049184,103.78008280637408,700.0,43.15268094359198,89.88889081565867,93.1611164597076,0.0,41.531981090512765,8.040535077954264,75.89571029498876,204.5632421108808,1.884286953530192,3228.8295133675765,1190.9443545663064,8.749537966761421,45.624059223344645,0,93.934711056104,80.72014410160149,82.54286106082462,39.27149104707003,95.85364552798372,12.81533709891334,13.440206437468031,27.97953041403184,14.015844860941442,93.09298859905869,91.79011554273087,84.88094653155291,18.50702400333165,51.99245695098185,29.44443209812483,83.53292712886632,0,0,0,2050-01-01 00:00:00,No Failure,0,0
VEH0047,BMW,2023-01-01 04:54:00,85434.66902389422,93.28875234322943,1285.325074353864,48.56176088657296,89.86438235806253,5.005564041740329,8.526786639980946,68.8490025428506,51.281959814544,49.506214476560544,250.00748538466317,1.5106332809223422,1832.8332217360603,977.5817386946316,6.386864132556493,116.9802291523976,0,86.1832174142829,31.09746404891481,61.7902167702565,-4.277934997245822,58.945212232582165,13.036900810512323,17.570146976680352,22.694518237119237,14.082738385020932,91.30294293934882,94.9616957825462,26.54102760915993,33.28920503011835,56.187304646083525,34.702659435746654,77.20583303573773,0,0,0,2050-01-01 00:00:00,No Failure,0,0
VEH0040,Ford,2023-01-01 03:54:00,15535.877613611225,90.71756074696908,2690.3585673272146,46.8432003574042,86.29464421468279,98.785558811765,5.27596544166056,1.6472124144854234,43.39356999443883,37.59364223493866,457.1914918741329,1.7879009891033266,4044.750288083612,862.858330428456,9.4342570510489,-41.38447325829573,0,12.11934015378553,-23.704898669871312,87.9652859733117,94.20701266745084,52.3348680875186,12.380317117345063,-2.3169745371139694,25.757321701647133,14.769363167553164,43.83643755553196,94.9733823277026,100.26631876758064,34.10255104073417,63.66882211199587,29.069900926866428,76.95957347557672,0,0,0,2050-01-01 00:00:00,No Failure,0,0
VEH0049,Audi,2023-01-01 05:24:00,60120.054334648405,97.05824446030331,2949.1743203020897,37.18662277317085,94.98240665692738,15.34937970409076,5.72862276708036,57.11880836842293,13.949884985147634,11.048223625302008,536.6603195542049,1.7289535220648184,2578.6355754177134,433.78437418583655,7.381420960835196,267.8214459784834,0,62.0354437117001,83.7141775405325,72.12041140386614,55.02734435212634,74.78064130818524,13.225991710372451,18.693439700962703,21.878906648320097,13.998789282646383,55.36935704809303,94.20963645986222,68.4245566645072,34.44389814164899,55.98043673846095,30.95178194382736,81.94363050109462,0,1,0,2023-01-02 05:24:00,Brake Pad Worn,1,1
VEH0010,Mercedes-Benz,2023-01-01 11:24:00,23026.44163848714,91.33211733669287,2536.117672535473,38.14069923237506,86.85683420785804,12.097533542005989,2.111170168874081,30.41576544378748,27.45288546629489,43.70307266095671,564.1681005671023,1.6026073880421654,4175.054160767141,1008.0846801100656,8.313329430370782,131.1284417606589,0,90.17090633272372,78.93590267479877,82.18632947084666,54.36611312530548,42.68991670659644,12.661446079916244,28.05435291433064,29.18862506453005,13.917565390955692,69.7762633302994,95.07875962702306,134.1674457409751,33.30732584068701,57.7660139966019,31.66511657709229,75.7855151186359,0,0,0,2050-01-01 00:00:00,No Failure,0,0
VEH0023,Audi,2023-01-01 02:27:00,42480.33642459563,98.89894251282897,1658.0543312012735,17.532746863540588,96.44816196847208,31.08046274011388,1.5866334047074335,7.54301522168489,17.618833463347844,64.88843762442866,240.0730056456889,0.922769110712874,2805.074923351888,895.3624755754939,6.830024835423767,43.68172594449396,1,8.934976926540173,85.37786436068801,2.659713568901445,34.74175821261786,50.11940457900612,12.025385150128562,24.46091037805109,17.17368611886752,14.157940828155706,51.91014437845544,91.00423562376864,128.3143305386406,23.495394483150555,84.09334093885289,32.2586842267329,76.72110692265835,0,0,0,2050-01-01 00:00:00,No Failure,0,0
VEH0022,Ford,2023-01-01 23:24:00,75687.18553036152,90.11026953702326,2422.36942151073,58.95622467359402,82.96014213027634,30.79182569332577,1.1123600394204065,64.31242459769419,23.099213924379185,52.55355207375562,309.7330599039714,0.952946963204231,3959.250966507668,954.3890302924978,9.347821409163766,69.22510402441269,0,65.18251990428854,22.76915425932338,73.41467029433326,37.84713082185394,60.700991692073664,13.32008641425586,-14.730299695647272,29.46642479424454,13.842932216848933,49.91887550065614,93.6130203238808,47.90537832285395,23.53709045241245,53.56136311105794,30.29372780968902,78.50598868230199,0,0,0,2050-01-01 00:00:00,No Failure,0,0
VEH0027,Mercedes-Benz,2023-01-01 13:12:00,87555.02351105846,100.59612706184927,2620.023433702096,52.99166180251473,88.5912105754595,42.76849562419343,2.3543703326785623,31.60688484548693,43.86272390933795,42.92183984545286,419.8103987207133,2.060271759366961,1734.188842302565,924.8223569948648,7.944112860273817,128.51197412332118,0,98.39962721979364,39.84346125309988,69.97761425481524,100.56628106170272,48.13643822806392,12.694074161371908,28.52339762033296,25.77455622989482,13.9265619103172,52.39290362087904,95.7830163880531,108.41933629848997,35.228558965227585,63.59626611040272,29.745723356856047,83.60934298464869,0,0,0,2050-01-01 00:00:00,No Failure,0,0
VEH0005,Audi,2023-01-01 08:38:00,55986.15892637646,100.9831306451094,2332.665184582848,47.75165998708306,90.3381805578827,66.73561305113368,5.756709598293338,66.4110792403959,28.712829931826832,74.54156871101176,338.14786379767736,1.6853874051770326,1523.3317138575662,1030.8389165686897,8.966212835278071,56.96468532875471,0,40.879546078049934,101.94047460700848,3.6520694295275433,105.572459674862,5.260560168609331,12.555653206357396,50.26034079552866,26.299904907366543,14.305132357902544,41.32008491762545,98.91459783728072,87.01684984955867,31.62977397673918,66.2986969386602,30.358449943431825,82.25848210422079,0,0,0,2050-01-01 00:00:00,No Failure,0,0
VEH0044,Toyota,2023-01-01 01:28:00,63853.67287047679,89.43194484411507,1288.3509332245117,54.59785385443557,89.86130300628314,26.364103197411225,5.246074402362088,17.826158393124004,56.58771203255832,53.34783826860228,606.0380043628738,0.8401520016114424,4005.009724983429,826.7560160684736,9.386705105255327,66.09152761545472,0,23.3036538550796,18.679803657932176,142.27400772946115,70.92398222101988,97.27833654487856,12.68253967942695,21.124386514450784,6.669371214080723,14.072524248351636,88.09559854745035,94.92458635918624,74.1370599636099,35.02092394785439,57.62733535903466,29.58152689372317,76.91030955769105,0,0,0,2050-01-01 00:00:00,No Failure,0,0
VEH0011,Toyota,2023-01-01 09:36:00,88150.09301815783,103.01350177602971,3515.1915826880995,67.81265143315221,92.34978558585269,96.9921542930408,7.548951018176124,33.950946218652504,54.09298502491693,31.733716793062744,446.5007443456281,2.1382215797123183,3898.406883973366,947.621748575709,7.6400204465289585,122.13444494319076,0,37.86840292655101,117.22232439557094,49.25145654879371,73.3737374711224,68.68403528110511,13.244277588559369,16.018662417030466,24.710380915177986,13.79043108810797,99.08847789364182,93.6090208307963,67.51526602927512,45.70155043086492,53.83592565920994,28.06541495062073,82.5146388113101,0,0,0,2050-01-01 00:00:00,No Failure,0,0
VEH0030,Nissan,2023-01-01 09:00:00,68066.67063046507,98.0442960313358,875.9807127739343,48.136732645220825,88.80877504179665,44.663320749256506,3.94355527939832,54.16636924145728,28.128050755530012,47.87170350513697,342.48943436554333,1.3514348672623773,3629.512185323477,956.4589928474488,7.953513056161245,102.8432187175528,0,72.5461988225955,50.63619936655746,54.94260765302946,53.44467388183944,59.61391376861265,12.79808608026484,30.21519701548017,30.058596595109,13.611188622134025,76.29993190642605,97.10974497829297,19.427608872555737,21.86998089805166,44.15165766669053,30.402153931855796,78.6244449771818,0,0,0,2050-01-01 00:00:00,No Failure,0,0
VEH0040,Ford,2023-01-02 05:27:00,15336.423259684098,89.11533888236492,1622.042513746982,49.471686461806165,88.79461283482058,15.243440679880926,4.965342604524615,42.09734684719837,49.5077438443811,45.5863440974321,466.4152085182917,1.742737571366488,4042.959230471018,925.3078763171476,9.48261420214222,114.15809763532896,0,57.23803644818543,89.63598271016531,62.14481889990252,69.49895919219252,76.09744295120223,13.258536041606614,6.280041674640807,27.999456481596955,14.446621167605295,40.67757296064876,94.99679471973585,15.308658906714705,48.76716297060172,71.78006508413395,30.381448446203876,77.4661459306607,0,0,0,2050-01-01 00:00:00,No Failure,0,0
VEH0011,Toyota,2023-01-01 07:12:00,87629.50124787925,96.22449610958564,1423.5562587111533,40.74863716956797,93.91091588503043,84.13880508788509,4.270864593473149,23.17755858111996,20.05136929987382,69.71062876290054,521.7378244156926,0.272487244571211,3892.30775207848,1068.3218077876993,7.762231328420567,92.4863182616197,0,66.11815678693104,57.03069383964748,50.1259470426338,44.42335684145208,97.73710361853496,13.026263237827978,16.139669132321984,23.245275848007537,14.627700602677152,43.95418384925696,93.66194862382228,116.7326266613469,22.75642880917771,66.38657931710567,30.15986329410608,80.93886829966395,0,0,0,2050-01-01 00:00:00,No Failure,0,0
VEH0047,BMW,2023-01-01 05:10:00,85486.2280774298,91.91043146521636,2370.048296936033,50.52523425530044,95.7179242702053,37.88460881726595,6.954504651157153,76.61882367999189,80.64230649046934,61.216086809667225,293.2510947572296,1.2779193649240164,1833.5953440284527,806.6048391908103,6.367763161710862,36.13551964029686,0,0.9924939676272172,70.0918838485488,105.063957084217,31.85872812640485,66.08933401258206,12.551282681364045,3.558539328731541,29.78740832048528,14.053786611112248,73.6444461500661,94.95009359899186,128.6843529403232,29.77315648224277,40.432305210220434,33.71015674205193,80.84206371685717,0,0,0,2050-01-01 00:00:00,No Failure,0,0
VEH0005,Audi,2023-01-01 04:12:00,55830.13049854904,94.13681741128656,2282.398546505685,33.4195335566061,89.35052501246807,30.25520527869293,0.2001790958764067,6.278118915610456,34.82735739067434,0.0,153.23241584365186,1.5793385393299644,1522.1502136227268,1095.4498118266697,9.001471269657468,92.272170158889,0,51.986043023405415,85.5304566040453,104.1426602009928,48.722896512795536,25.683854939977277,12.571071666853664,15.939949283274949,30.866478628287123,14.155574207312064,73.54640950475681,98.93245112162492,55.53158900967752,17.889747996651952,68.22049021334742,34.205962293924294,80.30673803565503,0,0,0,2050-01-01 00:00:00,No Failure,0,0
VEH0045,Toyota,2023-01-01 03:58:00,91178.8987736404,89.72386011440032,1798.0642431534818,50.437640330203976,87.68093696427509,96.64171623599962,3.244861410694015,36.17689144710701,49.92172638666312,44.10166844298986,376.321872539952,1.806721298724192,3099.4708673008363,842.9302483423651,9.595388595805668,56.0301334152721,0,13.262964006230682,19.600313495071184,61.21634700901679,40.315805769230685,49.40792069428035,12.9646508385671,27.450779297497377,12.911065675778808,14.415879490575492,50.71572512500176,91.883239725895,73.65044100604908,33.48790498201546,84.71636329682693,34.88236532668317,82.57999029572323,0,0,0,2050-01-01 00:00:00,No Failure,0,0
VEH0012,Nissan,2023-01-01 01:10:00,43360.72351200354,94.60002510388966,1151.883949093093,48.0218595648579,91.70051024946568,47.14797505744126,4.798078631804283,40.15748102223858,53.13164562051276,26.12857850612755,497.8209667466066,2.0855292561596497,2494.376577659252,834.9211302148813,7.472039178328564,49.756962886887806,0,63.68154701546672,3.5631811898617727,83.34495032948236,42.02767116791753,23.84009679676629,13.055692893222613,21.80875669471487,29.65800222064111,13.753441072592173,53.53029044450633,91.65630240793728,50.6409674744107,32.80205196967428,59.5084631770834,32.95374875653296,77.62619655371661,0,0,0,2050-01-01 00:00:00,No Failure,0,0
VEH0028,Hyundai,2023-01-01 02:48:00,46437.77212266324,99.3997860320438,2729.7002479703733,37.58084669185508,92.91128331165244,60.64473518710729,3.7320394908875634,22.44224879152545,49.58441800776671,41.02230078552788,537.8563710221944,1.5467294983354836,4719.595055031214,1062.5745999112282,8.702533962568404,8.926935504282554,0,88.9876205481119,10.82998612183848,76.11653653524944,46.27950190679627,66.03023618815998,13.119919281013026,1.8561436882035276,25.21435878841461,14.662066192745652,54.54740307810532,93.38664008494558,180.0,31.29278771212995,29.914160345130643,30.86049380479628,78.60322004513138,0,0,0,2050-01-01 00:00:00,No Failure,0,0
VEH0044,Toyota,2023-01-01 11:20:00,64172.35119028069,99.01976267566845,1365.060702198131,48.831665796459376,93.09019667064403,35.47001780748196,6.313172593720285,43.18519055928565,40.88586664624993,27.784824837246504,456.7037898474029,2.1021099758051136,4007.6876133277215,859.8641537271743,9.32966345009893,44.55557168286761,0,97.01058541954986,113.925348509022,43.03473446444666,103.03949002953736,46.95241935579499,12.37453875016745,35.7595677626399,20.17658216125078,14.370394439238584,74.6727030984532,94.88274632338056,0.0,12.393159946704294,44.523049955771775,30.28487931514604,82.92429454867411,0,0,0,2050-01-01 00:00:00,No Failure,0,0
VEH0046,Ford,2023-01-01 00:27:00,76322.46059031761,98.12417241453088,1610.3116160077905,42.97199865678927,91.42424364528672,70.3019552351988,0.3083894615604912,35.36334329503469,35.71464780508471,47.83456984832268,317.71996187190155,1.4916138613964782,3086.6647273696867,1064.8691747788814,7.455237846342807,81.99980959779558,1,47.62783062592788,117.08604258024803,60.45989476784622,101.37899734633972,43.97492048254149,12.630929465953832,-10.27120405197411,26.828946563630616,14.415778433385182,43.93209951729818,95.01972174798846,83.6667824236241,24.625443279456206,54.61517334879908,33.609914226179086,75.57991482808504,0,0,0,2050-01-01 00:00:00,No Failure,0,0
VEH0042,Toyota,2023-01-01 11:03:00,31867.21691480848,95.8750117287988,1945.4643428031427,18.59773165157574,90.89708895843772,41.84181679062016,6.385144959481159,56.75040871630122,25.47504569261942,47.63458703729883,448.3096451411965,0.2006343545812432,2398.930659125035,788.6856658823743,8.16447490391142,70.60903054531057,0,57.84555417343146,19.606986587964663,90.68212303004282,52.53144657610772,74.43829536207099,13.414636859472456,23.482799061827308,34.40276023774626,14.489841360283693,64.39592358185516,90.48195560026542,64.74411076456379,29.47532548490365,39.5885097704678,34.429733113364705,80.99832092619857,0,0,0,2050-01-01 00:00:00,No Failure,0,0
VEH0019,Toyota,2023-01-01 00:24:00,59520.74136866217,91.02184230620432,2091.718086227625,49.63466335049995,87.30036599997757,31.42890619513071,6.450745400327108,1.536702803359411,44.0342882676761,21.877496315036264,586.8867161044301,1.7094133369818545,1977.052034221544,924.7496724827072,9.496262476724956,70.84308218286128,0,37.641762297073726,51.51107370531798,130.5392619202173,71.07926647043637,84.6900269506168,12.208917982797148,18.09259817352805,34.33592054935354,13.896051254847633,75.27838127985348,97.17554070737866,88.41624189270654,36.05706992354536,72.14254995264723,31.3935689257582,81.03112339602461,0,0,0,2050-01-01 00:00:00,No Failure,0,0
VEH0004,BMW,2023-01-02 01:04:00,21680.073012157565,87.82396169728429,749.4818889095563,51.91755624241787,90.19156033166202,93.0818464234412,0.0,45.660935140365865,52.70433412672247,67.93066934459789,325.58935252715384,1.3884414409961108,4305.3515350962325,963.5063473304682,7.794793291180301,70.50207197215417,0,2.4391151692864432,49.56831254979706,76.23979347615386,29.41182966697201,59.692372609775255,12.877555395588606,26.923789214077345,39.25133771187998,14.05140454341227,74.84260303754226,99.27878398445203,135.67813376712286,17.331366030285807,62.36374197898388,32.63942252246375,81.4528119392645,0,0,0,2050-01-01 00:00:00,No Failure,0,0
VEH0040,Ford,2023-01-01 21:20:00,15373.303274101643,94.61882130501236,3291.596331452308,41.37225441066661,89.09597703401846,32.89809239494754,0.7787062770253419,39.22776693666309,20.92316612407062,66.63388958211499,622.6105612990341,1.793379636249287,4043.431927564745,953.54380107908,9.480730123673734,95.6618671230406,0,98.1317145096845,110.8621222691097,62.13111019433087,77.86950142024392,11.990108356276018,12.845419026383444,20.269671984189817,30.31449798076357,14.471305698824326,67.2624005284683,94.99552205574732,66.80408061556716,7.660483090877705,70.59405933975764,31.18484528033289,80.19196481785184,0,0,0,2050-01-01 00:00:00,No Failure,0,0
VEH0030,Nissan,2023-01-01 03:10:00,67871.6124840075,94.77322647293448,1428.6978764448354,23.254017357511707,90.9039827262424,85.37432097601432,2.558106833401273,50.98891103331895,56.87192178272952,70.27959173351209,689.4143395308645,2.026141671611559,3628.431539178023,941.713401056904,7.993515135854695,105.8462781377898,0,82.32869098539597,80.44072167650303,8.667855271196636,73.11931714394791,51.40135913484706,11.8823372020927,31.86909170407152,23.836920032680784,14.00558338779607,69.40891298801783,97.13336458003006,97.38936557576564,29.77386983710264,48.750764047435126,30.760617011757425,79.265051246432,0,0,0,2050-01-01 00:00:00,No Failure,0,0
VEH0012,Nissan,2023-01-01 07:39:00,43541.59244483202,88.4083019795878,1499.5260453997023,38.23132996004531,98.74131253159584,47.13287095787612,2.509130483730167,39.27460349867503,8.239233999396166,46.06927586976581,434.05063231745794,1.2996706657210924,2496.3543540463284,939.7295841987618,7.423552934767082,48.604983685468326,0,63.382402041834574,53.34306150108929,7.358136409396557,77.01706913795036,26.692217115417847,13.456873356330435,33.19048896651885,31.98179952732121,14.312685686116478,65.37568280172266,91.6361686961197,102.53381446130167,17.12150459907501,57.75634225531206,32.62770452479505,75.73568320262387,0,0,0,2050-01-01 00:00:00,No Failure,0,0
VEH0010,Mercedes-Benz,2023-01-01 21:36:00,23486.442536866674,99.926203574425,3203.5729930707603,42.95003861081291,92.51551776753634,2.994627512574965,5.074454752037156,68.78258179804384,41.71562717122005,63.56764121483362,357.6262885838205,1.752339070344172,4179.26188099721,1090.146807604167,8.202723016011348,39.44089095061098,0,72.32563353556972,57.64840463207346,72.42392058904642,16.325302148853766,41.14641678383148,11.74739053216415,7.5305862655025795,25.622819190828043,14.220395590983104,66.22412296702764,95.02836068482036,42.57952215858322,41.7968425092139,66.39176031089903,30.744798768912208,79.67261628461979,0,0,0,2050-01-01 00:00:00,No Failure,0,0
VEH0020,Audi,2023-01-01 08:27:00,98568.71938501656,86.35754804121638,1762.1684573288182,49.14495201425219,89.4868067867648,26.48112791167836,7.808380593115904,68.53811057926939,8.992846895583028,67.25886402303767,658.1508110497533,1.4604528224243496,841.3662705486755,1107.64803119081,7.326808301595165,130.7203460028314,1,50.100383973146,90.64320148870542,59.71903494552698,86.3137248971656,27.822711622963084,12.704551191951792,10.522919619678053,20.15264773585238,14.022864585332808,48.32888232323516,98.38152522239692,86.22045133022174,42.36905631085915,77.99105413789458,34.12420330369776,83.74566536182661,0,0,0,2050-01-01 00:00:00,No Failure,0,0
VEH0026,Toyota,2023-01-01 05:43:00,93636.3655681406,87.7445551370168,1548.2406121806723,19.82907980616484,91.50013991664052,43.85211478583548,5.6169154181444085,50.39632371237855,26.82347147927302,44.87515584137596,371.0786837059014,1.597615907129048,2192.888312769171,888.3296124240907,9.750390086662998,13.142220923677328,1,62.671804491482334,110.13570833859768,68.9460647493808,59.06989956380852,63.91359016760212,13.825702577096475,-15.504244984731647,23.23232692343064,14.470029844640328,78.57530590900916,92.03903518219197,64.46976923047706,23.614156290610527,84.97390389983538,30.32467426323824,83.41293933508251,0,0,0,2050-01-01 00:00:00,No Failure,0,0
VEH0045,Toyota,2023-01-01 05:19:00,90613.06319380536,106.3451386063205,1455.0581697793586,36.24273190959099,88.57093657883034,97.7219217416094,7.252144214239481,31.333620517196465,36.21700890336202,32.011354104708055,478.7793432238883,1.3462017626645746,3094.8927151077723,927.7185976665244,9.734829072124068,17.547607370389294,0,59.771845370471546,63.86799338339988,46.538646373630215,57.73312766485528,40.04557884013728,13.07310307116809,35.193410403354136,18.36076985407936,14.406616256467643,81.72511792145109,91.94360883901436,69.34864043320164,33.19389340879725,63.75554639298396,28.957893068979395,78.6102029489287,0,0,0,2050-01-01 00:00:00,No Failure,0,0
VEH0005,Audi,2023-01-01 00:53:00,55646.46520843373,85.27922780257042,2520.445540097518,50.25972513407575,85.418716371418,8.51288508234319,3.747990899804158,55.57675482066509,2.212264195663749,54.10792809827237,336.47211412985274,1.7034708238176532,1520.216922602218,1057.6203901542929,9.047629855634383,92.68685579952756,0,17.10262914659957,-11.129466460618543,92.828471861297,27.96648638036508,107.10510736481908,13.123035971103612,14.470303002647636,34.40329376128666,14.79201577275862,42.85805952698782,98.9571195538496,79.33292795399026,27.044960348296517,61.22236938357701,31.89179585471449,77.30538801418228,0,0,0,2050-01-01 00:00:00,No Failure,0,0
VEH0043,Hyundai,2023-01-01 07:09:00,94868.97611739673,95.1378644781044,1799.411911163317,29.58680925678528,86.9253176713527,16.988004250036603,5.301254324926791,38.02617677624578,44.307015625919874,70.00612759987384,309.6624364234949,1.2867842406072698,4272.026825452232,1003.4882564886268,7.381673597407084,55.69246962579564,0,78.32962343182332,54.287617908035045,23.08082753640941,43.21227983137936,33.5523634833629,12.620820761668114,27.813672943462343,26.34596401753151,13.832316959000652,47.99265159424365,93.54849169656887,33.338606268766725,24.814383628233227,60.24414995984559,30.77302211485001,76.16676439162661,0,0,0,2050-01-01 00:00:00,No Failure,0,0
VEH0042,Toyota,2023-01-01 19:48:00,31526.093539768022,91.18884731116198,2255.5949927050888,49.05903192164231,85.92105679974507,83.63030627884517,3.878600137155592,21.5792652457144,31.4440348357097,62.371424470763536,321.4145136439126,1.7619593584571316,2396.600976800077,1056.402427867336,8.22095321237795,129.34268513107662,0,40.14618529430557,62.94825554200592,8.618594789521069,30.329817918413088,33.42346256898291,13.212930173568996,-1.980400916886856,26.487304788216424,14.130820319710958,75.16253692654331,90.50958342590866,154.14672111372738,22.1705005843843,72.98515001115454,34.89716361593624,82.03707269156055,0,0,0,2050-01-01 00:00:00,No Failure,0,0
VEH0029,Chevrolet,2023-01-01 03:00:00,59731.16165262807,96.63170825605064,700.0,50.15890952679796,93.65892059443972,9.634505916817115,7.935258283172609,63.16114740341435,29.614281334050983,46.4021980863755,433.4445612900562,1.3127678349075609,4545.793152156711,1015.871813941188,9.273459764962054,98.56918373879992,0,97.163953539879,46.89841047265784,88.80384948175808,38.48671613211937,42.33597530165741,12.982493072446012,0.1703093972276086,27.994222746602446,14.090290203976606,89.9414365416892,91.46007705002393,65.50301650492274,21.71045648577213,59.803326544707225,33.82305213689777,82.3937152057737,0,0,0,2050-01-01 00:00:00,No Failure,0,0
VEH0035,Chevrolet,2023-01-01 06:45:00,78006.17582128951,86.02995390029591,2213.5272891295235,46.09963631170376,90.92196325131157,78.34829931572341,7.374136595634965,34.38096342506552,11.558834012357732,55.64677248271527,392.6116449620607,1.3366517307710548,900.8769852727642,953.0462848157912,9.048821357480511,120.6415633565459,0,53.90615492679984,67.69446298478496,31.172605219967725,-18.484364234973494,56.31446425133179,13.250453921418533,8.851383794262935,24.502083550398943,13.878399103732264,58.87831622652651,91.06734630502692,83.49299670368553,31.46016512324614,61.04651516944718,28.73482108784376,83.40716367609939,0,0,0,2050-01-01 00:00:00,No Failure,0,0
VEH0046,Ford,2023-01-01 00:28:00,76352.55499980277,97.43541813121,2615.8161729182248,54.88727479472887,85.8727233428074,93.85658767867388,5.518818251324547,21.41411316923374,33.017356598385845,103.27526647401776,379.94774953279824,1.3224018261806094,3087.1134383633757,960.620527335776,7.450159468547134,34.96788136864901,0,40.91010119288757,88.34534733170103,98.69827093512716,68.86689068212449,67.19053458705896,12.523471733577448,-0.7049760001735095,12.613886524983297,13.825029884205096,42.75296870278336,95.01650808367978,62.82724510278908,11.736702269623043,63.627283300442606,28.786179780727565,84.1751803425557,0,0,0,2050-01-01 00:00:00,No Failure,0,0
VEH0008,Nissan,2023-01-01 03:45:00,100035.59137012756,94.50393433711328,1035.5698922010324,53.400948059320704,90.20182298683736,97.14073108407524,1.9256015124195964,67.65361166671995,1.1458930341972788,33.95152431670601,370.3600767608319,0.4534136981664398,886.1618156235726,974.9387158698926,9.211068018154055,45.80162928404849,0,57.52065960593724,112.6889494196479,85.8045597496789,81.8575610160707,57.47171581099785,12.884954026122356,38.63465572280333,17.547205736399647,13.85939343586294,67.24996375569005,92.7582973025835,0.0,29.02954333427296,79.83338073556388,28.678963904369365,76.37419315479023,0,0,0,2050-01-01 00:00:00,No Failure,0,0
VEH0027,Mercedes-Benz,2023-01-01 18:33:00,87510.26429344689,91.73885577710271,3036.5038948386077,40.07883411014932,88.67873697414407,78.27709868099949,4.753978787771061,53.79257557895163,12.029352343814374,64.22617552409355,628.2379859605198,1.6231814698380624,1733.9498307637589,884.6532013725555,7.948340614514702,12.01646082401001,0,84.10091470479439,64.78524102690726,26.73219677425461,49.72548519177621,31.26194808584153,12.63460889598552,3.0455152759414883,29.65970424950696,14.645112262597248,92.9045842057005,95.7874188354607,42.97372308083254,45.41400487190578,46.24900418644791,28.886433709936277,83.73608889129373,0,0,0,2050-01-01 00:00:00,No Failure,0,0
VEH0014,Hyundai,2023-01-01 02:36:00,37220.35375945851,101.30096602824342,963.6254049019468,47.95496631423372,86.7258806592833,4.527626363370585,10.000879323010412,42.74881851529759,18.3912073034633,51.70972027982366,315.955515933447,2.318927927256951,1527.3695860538935,1078.3210300310957,7.174062238836861,63.200171081507726,1,39.01316482884939,77.7235077551562,79.67618872292901,44.69916861793767,77.00234006718111,12.301993313684084,40.81104998016409,26.063701789576257,14.245180895408003,44.545067989414775,97.21916311898649,14.843477749513092,46.80836249784328,64.7155989345961,28.356472456425035,76.75880009982332,0,0,0,2050-01-01 00:00:00,No Failure,0,0
VEH0030,Nissan,2023-01-01 05:44:00,67546.48516933183,97.97695072654813,2073.0339099993694,55.94533815478928,90.33109990546052,17.463366052072836,8.484085784820776,57.18230493795444,24.80874624012931,16.804801806734837,623.9587944142633,1.858757371565908,3624.704412011726,1110.847253847769,8.036322665155879,74.39373038935301,0,79.40211510750925,115.11400425238682,26.65962706174572,85.29347082208443,104.89964606824648,12.55702637396378,-6.902712053006404,22.569822777124337,14.536611352107236,81.90829447472396,97.16935849197732,26.51881842650356,36.95971047510482,23.88669268195129,29.995875490058683,76.22466714808533,0,0,0,2050-01-01 00:00:00,No Failure,0,0
VEH0043,Hyundai,2023-01-01 03:52:00,94667.85050079098,93.5912050878597,2049.5920785433677,62.111439357487086,89.12301581120822,13.19618288735176,1.7518262289593705,13.081299001522735,69.1234660475721,49.62692996701075,387.90630892396655,2.568082841514584,4269.398949917028,947.7014800269012,7.4332159225918275,126.8937133678931,0,7.64740589187557,38.20332825174202,38.651288729897615,34.04496977557044,75.61943900126955,12.635836601529792,19.939406673283194,24.21314351723962,15.065753691196468,46.23315118779989,93.57111633909214,89.47111769248826,22.095106293803923,62.67200786166156,32.724029523337954,84.77436653279648,0,0,0,2050-01-01 00:00:00,No Failure,0,0
VEH0048,Audi,2023-01-02 00:45:00,60874.78197609008,101.32595695052404,2641.7686274260805,50.67146839924363,90.48476764997072,10.397229434014733,4.412047545536824,56.60512819160349,53.627317511855146,52.03819650574573,284.4005384456046,2.1189132610403103,730.0794974730427,1015.6087358323518,7.695960153920645,124.30105801260792,1,83.1246613322891,28.147640170581283,54.73688428699275,44.066036308057335,2.601046819249511,13.23384582039709,39.55363901552768,23.61088657712509,13.786568079522674,42.23037758899834,96.3743371095314,62.764905009099465,24.257803815169268,50.448461890025925,32.590003123186705,75.9827812893295,0,0,0,2050-01-01 00:00:00,No Failure,0,0
VEH0036,Kia,2023-01-01 16:15:00,18183.80157189606,89.01833214556505,798.5223968740847,46.11639036942355,91.02052545998922,30.00985808050729,6.860933166228497,58.03782655024652,33.190045203361706,0.2046373427906189,488.9029895574249,2.2111347137800927,3062.3478419791973,1036.1819169729758,7.413808473015704,70.05172170997781,0,75.96400505464621,52.24016719200136,56.991128251002486,-2.125168048088284,98.83067560214091,12.76663314094695,8.147882218286291,31.85635950638383,14.245155884459722,81.22012184461192,93.97534858045478,50.7694266347868,18.19063831268215,63.43072094460368,31.553028136098185,76.61711247225051,0,0,0,2050-01-01 00:00:00,No Failure,0,0
VEH0037,Ford,2023-01-01 01:55:00,30643.152747502576,89.80531927905672,990.6250553393656,39.36231670344706,85.34502697951505,91.82097488120012,1.99589898301031,33.23767232717674,40.71469764190724,34.64005241120048,368.15100469464585,1.485041743853538,2279.1570570851395,1011.6602331515307,7.894275381497195,71.9035977518834,0,68.01320803393284,112.5201530305184,12.73586810414831,26.81855903390125,64.55903538229562,12.222624961438765,18.01163317835072,29.007441237259105,14.033312527340604,92.0496963910806,93.29668559483916,58.79526887912354,36.9918734971936,23.482847625203505,31.871155729944796,84.70226222875226,0,0,0,2050-01-01 00:00:00,No Failure,0,0
VEH0049,Audi,2023-01-01 00:00:00,59452.491720859565,98.25749327164262,1375.0353194989302,50.26276500390166,88.16174832929252,96.4462997762718,3.750891255560639,71.86443351932616,46.9092962725101,30.961526670349176,527.3757302326853,0.882209449872286,2571.3327084698767,463.169835925012,7.524954794164106,367.2196435517237,0,28.57886854481168,77.81401404119526,46.15797636772732,41.16745451401346,67.89297425522265,12.430770097262972,-7.210943854535575,21.23508895798265,14.014138586748736,81.0173874996942,94.29174285318298,52.12854425779974,41.14086794131748,85.01700120194648,30.0257346829115,82.57611291726273,0,1,0,2023-01-04 00:00:00,Brake Pad Worn,1,1
VEH0021,Mercedes-Benz,2023-01-01 18:09:00,76385.64801047405,91.13572116634766,1655.6852636887584,33.063822029305115,91.30281282676954,16.9211500650276,10.736431026518492,54.0933866152132,18.537506749891328,79.37000351297145,224.33065412495992,0.9290169298275458,1070.8355116710268,936.15935990359,8.022149494168476,109.4120372484351,0,49.75870318527761,70.1273021055009,12.494245257964977,36.76733446198647,70.69622833902407,12.977872734608018,24.702305887402428,22.83887414977373,14.00825894296586,47.89728097832239,92.97134181235316,73.37149663426199,29.587880755595464,68.37134886423537,32.601083056921254,76.7522568884509,0,0,0,2050-01-01 00:00:00,No Failure,0,0
VEH0030,Nissan,2023-01-01 00:00:00,67338.93424367065,86.9049461118673,1434.621228459628,51.772308554791536,91.56805011065508,92.71307533566456,0.0,31.46749761134742,10.130115560046216,29.050432737083558,662.5612495225917,0.9923170224085964,3623.202925198815,805.0124964953199,8.079804528903427,52.34768241908064,1,82.52220760062723,61.50285146570202,86.00572230773003,100.77905972507236,67.22094052805365,12.004499048975584,44.99993847532718,23.22923877462614,14.499030914850398,41.21393104082708,97.1913409666778,83.33342234148486,38.25724606193583,58.86350582033332,29.235266736615344,84.79487240716912,0,0,0,2050-01-01 00:00:00,No Failure,0,0
VEH0017,Toyota,2023-01-01 01:36:00,14094.336090101991,92.62760083394636,3014.778084458794,48.31645210319999,88.73114612095908,4.739987972225812,0.0,31.657619807577056,51.71812730031585,67.41999060603675,278.5576854657163,2.745151864290606,2076.9323308265216,1107.1404625875216,9.635558093214955,83.74116493344147,0,28.634240645599476,38.20008236491521,67.11727130024299,31.95268061316062,40.91646756524087,13.243432851124895,-3.4647477740230954,26.65089803370102,14.52212012004262,86.57241613594911,99.11606321664232,107.81645920851514,22.55954714794049,72.96566998677848,29.906676857255786,77.01739237624412,0,0,0,2050-01-01 00:00:00,No Failure,0,0
VEH0038,Honda,2023-01-01 00:56:00,49565.40922989812,97.76398293286572,2407.3060931593645,59.913291883103255,89.08041029321394,97.61184041291048,5.257277862010109,58.39345428155447,31.415925696418856,30.32851948027776,567.9242441368884,0.8679498210264531,3847.878450391844,903.477760886928,8.222631485131213,13.157311506150933,0,13.469945786560055,49.00099023705113,87.50925732132157,83.83717754197237,65.65125454058806,11.693088253854516,34.71609571939223,25.588623921318568,14.53510998554328,54.84464909974068,94.52231523490067,13.11081858971206,21.743114117893484,50.27999830527853,31.590910766399123,82.84178890948147,0,0,0,2050-01-01 00:00:00,No Failure,0,0
VEH0020,Audi,2023-01-01 08:48:00,98419.79419964577,101.63659935063262,922.6247088384569,35.52813604666358,96.02704809530246,95.87368753606548,5.863278290604645,33.39888730442237,28.50339439869828,66.24952681286152,508.2142839675463,2.262843545994905,840.1027202833096,910.6886989272264,7.363556846588384,80.13918073040868,0,78.58596685346903,88.31216796252991,63.13397765473098,62.9120014179348,12.08802319284127,12.697185728761742,39.201583793034175,28.75712851884364,14.132536627699563,92.69238415385875,98.39312198537851,118.65383378363563,35.71603323994101,50.83979395488099,33.75163343581449,78.7537047806893,0,0,0,2050-01-01 00:00:00,No Failure,0,0
VEH0024,Toyota,2023-01-01 04:12:00,56389.11242993028,91.29501022128632,2573.0881433436643,45.03943104684146,86.7115480152383,19.550492679700625,4.436901571922732,7.000672275274063,14.84530846800736,51.01764823970173,557.8900730707313,0.8202871552035894,650.3448113004163,555.255656292512,8.413742821431724,350.067913040858,0,59.34148010630794,59.84781054467688,32.402215872013144,-5.218085004491698,85.23970466297035,12.734518774731548,-17.387640456702954,23.416713059315622,14.237495730101514,52.07585985550395,91.5341284756745,102.46508949490084,13.092770598916491,21.25549069636731,34.31197328655143,81.50410511802387,0,1,0,2023-01-02 04:12:00,Brake Pad Worn,1,1
VEH0033,Honda,2023-01-01 00:33:00,34262.73021749698,100.04470284680444,1553.1033542685154,34.60344928888192,91.46418892882,17.228496120059013,3.106585878635256,14.891047742959351,33.92524598719669,18.30595335733176,299.74076555237514,1.3520941508409816,3768.980211222641,1045.5164203933678,7.980507863777809,-13.225612529814429,0,17.818679845444752,88.52378599167074,54.02116269817357,64.01542107962653,86.53267552340847,12.644169785735654,26.97154030422628,20.94190774633863,14.607963517668017,44.2467009071802,97.94769631378232,91.86044184726396,21.985722309214893,70.00514934292852,29.0264464779842,83.77256555025096,0,0,0,2050-01-01 00:00:00,No Failure,0,0
VEH0031,Chevrolet,2023-01-01 06:17:00,58488.16828895519,88.44174964080449,1610.1911073388223,29.171756468374905,91.38210101163271,12.73412582793484,1.8547243161730649,53.10506816817463,4.279756148106877,30.53371970285331,625.985211436391,1.5102326655849043,3228.7398125043496,991.8362856740796,8.756213986460816,19.34254094706448,0,48.488503181814416,68.70165258315942,46.70934035654497,55.20987362093727,55.11723584668574,12.466642894871375,22.604990130534723,24.40087209792585,13.936203783296316,58.37014027416523,91.79482476609525,0.0,23.188150948799983,40.83630855696694,31.26761322404907,80.76430513617532,0,0,0,2050-01-01 00:00:00,No Failure,0,0
VEH0008,Nissan,2023-01-01 08:42:00,99679.60522323663,94.30698198560488,2137.863828649768,58.94072433288393,92.52013580552683,98.88181710027114,0.0,32.97973602467671,27.99525196589601,28.24081358164898,503.9854274491486,1.9602202961807351,881.7489505701328,928.37221551699,9.294225698848974,85.27155154813833,0,12.737997818806868,13.307823295422878,45.58799495912913,91.50990639437543,81.03553354635694,11.50892452138692,8.492549089057261,24.907488277512808,14.289722659182411,50.785700789255536,92.80040924578496,127.41584995374984,29.897078235498032,46.22478073658026,30.77636122892173,84.80785660557989,0,0,0,2050-01-01 00:00:00,No Failure,0,0
VEH0025,Audi,2023-01-01 00:58:00,32411.946172276883,101.21461061748732,3510.7871634597154,39.63118936047888,88.41726743521252,13.762691372293768,0.7719730393616615,42.549221169574885,32.09119753101185,33.312654987513184,482.68969293661473,1.9216137839358416,4361.020598790223,1039.6024292298164,7.604217742426433,44.607905892364165,0,69.62185197157066,35.89475091914504,68.97684644531068,56.86925645432148,49.39405082300049,12.468486509977136,2.3481817662647124,26.94860530902165,14.480961870260176,57.88780966449939,98.07420425060852,96.2986062089173,38.50069220140682,46.57207264837784,33.445238964925124,80.18751018658696,0,0,0,2050-01-01 00:00:00,No Failure,0,0
VEH0047,BMW,2023-01-01 13:57:00,86013.1513557019,99.90564068701964,1415.735697984831,56.29504572737173,89.7209575160301,43.83450443176701,6.977866316951728,97.86399000345357,11.538473530371618,70.08069026110905,382.5369731364064,0.7326552401812698,1838.7633511480035,1113.175788716254,6.243088802033859,43.171480302496654,0,1.2543991079958403,39.80119126839674,89.38954744914776,50.85472201517085,72.85247734007618,12.810628414173904,36.42907928409283,31.46912885263602,14.090844070931606,56.18994882978749,94.88269560014484,59.04394959865993,25.15378077746369,54.69359962459434,29.87503822816921,82.05009075208622,0,0,0,2050-01-01 00:00:00,No Failure,0,0
VEH0005,Audi,2023-01-01 00:00:00,55643.489579681314,98.70300780606836,1779.3848814832534,30.54930338449917,86.86482234869298,68.09212577442898,0.342633334140463,60.51121118843936,17.367842991759588,33.609577286730385,601.1331594745957,2.297771631526518,1520.0747383159303,551.8155684869341,9.054225046323522,359.2778130342804,0,16.384252640700613,112.69648166805229,69.49066067142746,95.68426351205817,57.406083227096026,13.080625482815742,28.299976358868967,16.893681532077682,14.227796428261248,49.36667345539676,98.96167728081416,74.46532348213077,25.41382897170061,79.05476683725342,31.96108505975844,80.42605436325032,0,1,0,2023-01-03 00:00:00,Low Brake Fluid,1,1
VEH0025,Audi,2023-01-01 00:00:00,32387.84421430526,94.77843748603787,1212.3634176592286,44.54705252561064,84.28085110827118,17.958659900956153,3.999092024063695,34.10965347021491,50.99729221578828,62.32317900741675,497.4746345814182,1.604362183414782,4360.65124839515,1037.79450072656,7.612787982847851,130.5975684059621,0,0.8787791290782776,37.78939860258778,56.2757355386353,90.24322139249212,54.2053190343964,12.671170062121478,-32.70463300987749,8.903456539312138,14.136169436413544,46.53335653754706,98.08341899427948,76.29919637110525,43.24102452583394,55.7832697342504,29.543939091321707,75.47233994459377,0,0,0,2050-01-01 00:00:00,No Failure,0,0
VEH0019,Toyota,2023-01-01 20:16:00,60238.03482904416,90.69320679392564,1030.0745723196987,33.3967460990494,95.10136528533836,41.90960597158537,0.3501189962579722,27.66459116582404,36.694689505108485,86.00320576926632,593.4732906369792,1.3270232432194096,1984.4022098908345,911.6929697567087,9.337101379014827,55.43061830384782,0,62.99130702532098,37.62708586814137,84.79168219033707,36.56543710383769,96.10148122429555,12.736018618565376,21.58025093605316,21.02305316986707,14.343425777741338,41.51424095990534,97.09097521495664,96.5625526298726,38.7592273921878,37.10244375665014,32.02820981011053,78.56987656672197,0,0,0,2050-01-01 00:00:00,No Failure,0,0
VEH0043,Hyundai,2023-01-01 09:21:00,94221.0181890564,100.1256108653116,2190.24741410578,37.4573140475308,87.00183994683316,39.04905236820496,2.1245587788271627,56.44869538793565,49.88706715326932,60.811708247821855,210.08752984889247,1.325144480266392,4264.997782770444,898.2227541142369,7.527028765633951,68.35844783921796,0,39.83199616100218,68.58190516187334,66.71124521816292,60.81153990771184,62.813889724207165,11.443196868837916,4.624280732843722,23.274220559924427,14.138777023763236,93.84735584294896,93.62548578560568,0.0,39.9017530067877,59.14100375268302,29.70166156071448,75.15568031384777,0,0,0,2050-01-01 00:00:00,No Failure,0,0
VEH0049,Audi,2023-01-01 20:00:00,60478.87008945357,96.01621159396625,802.8104689061443,39.226738759945086,88.59763610047646,55.73166991802292,6.260317069094588,30.214916635874665,18.75654822442021,60.26432570514088,575.0220756837074,1.874417045355212,2581.9245170604413,1088.3551006609175,7.309929157839006,110.59973901685612,0,46.73410892745614,34.26768284515566,50.46812676564725,22.652071313664543,62.42362732965748,11.94487177594688,35.535781329810376,20.89309202260644,13.80746348904136,99.4586565391178,94.16537000086367,123.95587680035985,31.692715254296747,53.87145423451909,33.09308185292044,80.38283309834368,0,0,0,2050-01-01 00:00:00,No Failure,0,0
VEH0020,Audi,2023-01-01 09:36:00,98098.39364364222,87.82127391082446,3339.4876820924933,37.92478886292848,84.49627066640728,94.888223551571,5.761479503410939,58.14911674773778,10.760995873607744,56.70813680911194,445.3653576332383,1.5447916607472223,836.0783859471101,851.5573724576589,7.454576167079963,46.895420552829336,0,45.49550041631508,55.19354853129485,30.20645036337353,99.84443527571338,75.85728387144327,13.00769162468693,-32.66270653393194,29.9320563140221,13.925181554577536,49.94247535504896,98.43594416890949,55.02833730555975,36.35904435841908,65.55226635761825,32.49396038330083,82.18298303201628,0,0,0,2050-01-01 00:00:00,No Failure,0,0
VEH0035,Chevrolet,2023-01-01 05:42:00,78566.43408887526,92.3763800475908,2069.1755330551628,40.793426162560266,85.57090369603249,9.905087163670425,3.5243261325365176,62.01772831734033,28.498433757697253,36.25668674188888,540.032197338347,1.8413406750362984,907.16674349878,963.9334713407792,8.917821857378312,31.709408827216784,0,12.059583933860573,39.55233146036403,31.558372554178334,26.0836623478112,41.309454658924665,12.452267692141724,18.03774344945592,21.82646717297128,14.0367280672191,60.42034567308775,90.9951714193558,71.36077307334389,42.10086161252788,44.877876555285965,31.81155003122905,84.44889511756368,0,0,0,2050-01-01 00:00:00,No Failure,0,0
VEH0048,Audi,2023-01-01 08:10:00,60396.58036306478,95.3121551397103,740.1114908906347,48.349270914958616,90.363428164647,55.714063276298965,6.897350997461178,42.8869745019434,32.7161093902024,24.323369928210845,362.8371826116181,0.8261704691624112,723.162180147737,982.5824751059208,7.824344653192184,74.762800607051,0,46.71454977726752,89.31010234181593,87.79392258322441,46.68563823689456,26.02321669472216,12.153177178079565,-15.51557550436889,23.3965115688332,14.22259067856711,40.67857211398722,96.43862539114728,40.85618071472537,35.89938276110151,66.92131906693488,28.995396292028268,76.79553343812428,0,0,0,2050-01-01 00:00:00,No Failure,0,0
VEH0030,Nissan,2023-01-01 09:36:00,67833.59957182093,93.9256310553201,1868.247278000866,48.27731301664134,87.60513653317243,47.93791053382754,2.5686654379581144,27.51664448913748,0.0,56.97895178392813,384.932754529542,0.2588086760927739,3627.98583054801,969.6214864229624,7.998818052777454,90.43550429121596,0,84.01185667569506,71.14556737452423,68.37872968369165,61.37949521756392,91.41234968017716,13.035647276832105,-13.135954072084992,29.41441164771858,13.56428784240099,42.582638897549344,97.13800396746852,87.31488619366309,24.10923599660703,41.39543314612419,34.456286052734484,77.23889365762584,0,0,0,2050-01-01 00:00:00,No Failure,0,0
VEH0034,BMW,2023-01-01 06:18:00,41921.326543413525,97.40645407221596,2310.6377734626244,51.42456220139775,90.56668365661696,76.72134672368111,9.007563857367366,20.160456964163863,13.7058215038194,30.15154044607234,496.1420242979159,1.6167696752738032,505.7053978256317,933.616927793614,9.250460411882878,71.7720708588438,0,32.5779614068263,64.49268507073896,27.037044609225447,12.58114399315815,67.7744650566992,12.814819471593294,22.462811032543502,25.52173330554154,13.943174871546464,71.99695305623301,94.377712216242,80.29593141328706,36.80930141479143,69.657226565751,31.588089658348437,80.79979213888767,0,0,0,2050-01-01 00:00:00,No Failure,0,0
VEH0039,Kia,2023-01-01 07:20:00,23788.729623084757,98.7854611821865,2139.8220750554465,49.89287915134326,94.1991854830016,22.80371593644659,5.1342723337371465,58.731366299079575,36.949413944523045,80.50257957834935,439.6100717632695,1.4589893487497705,821.3608608640175,1009.9696340077088,8.739116861000864,133.83598227785677,0,53.102680442934656,70.13671590005546,65.33383226373472,13.05014334790419,89.78300238146511,12.834569862978688,-6.745702526346282,28.169748730724567,14.677298611148805,54.36962833266452,92.8263576895094,104.43386421401738,18.62396501586915,75.95867007843168,34.18666122750079,79.63906082042234,0,0,0,2050-01-01 00:00:00,No Failure,0,0
VEH0038,Honda,2023-01-01 01:52:00,49648.2863697764,98.24344619929455,2099.818585010519,51.25304096068914,88.4256332457847,46.64006020725121,5.230188688600935,80.51618175003934,24.715144756820266,66.64131962430483,538.2904096065272,1.155573943092223,3848.7875695786256,999.4498094617596,8.209258518394636,1.1564360430067069,0,99.72575641945636,86.0674691034376,85.0225740118081,3.107981936991969,26.05742450262047,13.0146236714781,20.01311705686012,21.52060864543582,14.089632514866896,85.2748230324743,94.51673690273884,35.98061136456967,40.745316622637816,53.473529171713295,28.21878895312823,78.58079190354859,0,0,0,2050-01-01 00:00:00,No Failure,0,0
VEH0029,Chevrolet,2023-01-01 18:05:00,60247.58277638083,87.00768795784886,2475.112724306616,33.275553824918944,89.99465396254715,4.16774493620321,7.795707372479248,32.43178292115595,6.308904974119237,44.088594641406,528.2847821293435,1.618269868900039,4551.715567237828,1119.6036813914411,9.142019811400283,70.94159061399881,0,20.93991838204682,47.098619145456105,34.36879474433883,65.00034004229326,21.817189650339472,12.705478948379309,17.361543875553927,29.7534401943074,14.41052292290732,77.21311168940963,91.39364775223636,52.02031391661461,22.48648759957954,35.45421649246732,30.925645746939665,75.78887599214093,0,0,0,2050-01-01 00:00:00,No Failure,0,0
VEH0040,Ford,2023-01-01 02:05:00,15186.162669836442,89.83477270918438,3030.0142368687225,31.92869080519725,91.32497190963588,45.349390774493095,2.1189129169242547,50.67472326792053,66.51941063411182,34.86726014507934,356.769513040084,1.8155574535880976,4041.26684367202,1239.745311239646,9.504541900248086,115.67788084527926,1,12.839979644414411,67.69616991027908,10.733788178681865,60.63507612869063,67.94414844874927,13.321046326546163,53.96910076525204,26.831915692896278,13.943841604757438,42.27587163343428,95.01386219424904,41.72739305091281,33.984024264624914,52.31441105251145,28.139065604557576,75.73469972865252,0,0,0,2050-01-01 00:00:00,No Failure,0,0
VEH0002,Honda,2023-01-01 06:27:00,56578.35879590889,95.67698041665656,1824.1837936595205,25.890842505828285,85.80766043874482,30.28773650410389,4.1959992896325184,46.55181085396449,57.936479617606125,28.56239083346601,369.54417475528754,1.4518411819618149,887.6149637393688,730.3404163640004,6.351675978448322,146.6129380063626,0,41.35229596943508,88.77653852537597,29.11156428480785,66.03165787208174,39.38533561757746,12.579565474660908,23.878377129783956,22.73100533990693,14.183889861261878,41.79776586055149,98.31250880997602,0.0,39.70765376838007,53.57247559773979,30.499834158081462,79.48496224520031,0,0,0,2050-01-01 00:00:00,No Failure,0,1
VEH0022,Ford,2023-01-01 00:33:00,75234.53800040393,96.80848164446762,1635.7557071874685,30.85812387892578,85.88934968742353,46.68425185338585,0.0,24.507421241851112,59.83020751890729,77.55536506022264,253.80211310348736,1.1152158847342544,3952.798790923207,1024.312007944418,9.480156770738237,98.00058150744138,0,28.95440989230916,25.75889734034561,56.99932806610566,72.89958313932372,42.52666422530315,12.165723489728542,15.24838206431138,28.11351604813421,14.353442022850077,65.5769932953835,93.68803497019756,131.3970122811919,37.68360482702565,64.4135060343751,32.43567808272407,76.66661456656466,0,0,0,2050-01-01 00:00:00,No Failure,0,0
VEH0000,BMW,2023-01-01 00:56:00,31391.284155407044,84.11870563097045,961.7952510156352,57.7993456464876,87.28328177134112,99.06439353967228,7.059168090436938,77.4340903412723,51.21950209743945,46.28114739235242,459.5536216942363,1.9186112832665287,1090.8695288865026,1159.3977643401552,7.745845922206134,99.57412844721826,0,88.70521853381572,109.41515140953824,41.51417458617224,60.885401567222495,57.82186373452103,12.286638497002611,-26.111755972895537,25.799318259088768,14.011732553860464,83.55612099854802,90.82623808659984,39.40993319935926,15.148875428189154,57.41850139600373,30.620539429296237,84.38972664669173,0,0,0,2050-01-01 00:00:00,No Failure,0,0
VEH0000,BMW,2023-01-01 16:27:00,31880.231180842573,104.10141035851476,2104.962422347537,48.88652104214013,93.0167046169579,62.100110981432735,2.2191496203890857,15.834657471768963,42.77927460346392,53.66822217485348,294.97847881714216,1.889998811818866,1097.0075622869062,1007.9095071727064,7.621389796518974,49.24651116996274,0,57.871483546974666,97.98959107411936,78.06151588614608,64.0113898604278,78.16029676767597,12.514171731763405,-26.937232391769825,25.36052829015403,14.922911011258272,60.4084155123343,90.76210528006516,131.80469781215476,27.31861544538849,79.50414334779929,32.89315510314134,78.43903607870938,0,0,0,2050-01-01 00:00:00,No Failure,0,0
VEH0034,BMW,2023-01-01 00:00:00,41696.44441717809,95.09956842326368,2671.938722746253,40.4905669021832,78.7971906473564,70.99590232764852,1.6803373563116266,69.85383454769647,60.82424766094938,18.74607877003178,328.0566723749507,1.176408124572601,503.4575747481719,956.874005941104,9.302674004052708,58.62392358493543,0,70.88316687234315,62.01942267522372,29.09098205343146,86.60238962318392,23.240994538036155,12.572391380210616,2.087777348824673,21.107849212159213,14.077898107378736,78.7637146475382,94.41309185055415,103.06823796492203,17.967258964185792,59.43440598046374,32.1776836014058,83.65515608782921,0,0,0,2050-01-01 00:00:00,No Failure,0,0
VEH0039,Kia,2023-01-01 04:00:00,23695.432322990957,87.87305184675928,798.4287332918009,44.88301579310444,93.30871611297506,14.315787838071335,5.367789192963651,28.069014827388287,22.93975875023892,98.09373847202887,318.73023963918115,1.7441289580650925,819.9155201068876,991.8728121372276,8.766547615444948,68.64780712512447,0,73.08021671100079,11.306069056575772,58.37864536788757,33.040401670734894,61.60061220948191,12.043203140945849,-1.7566464699405877,30.422088329615505,14.410796056887692,76.4652013908192,92.8421689113499,58.582009010205965,24.4773453938474,58.245320789774674,34.96290769895885,77.02496062125944,0,0,0,2050-01-01 00:00:00,No Failure,0,0
VEH0049,Audi,2023-01-01 05:36:00,60014.01947646597,98.71915694992154,2201.4722266848903,66.12528921487335,88.09778640330775,61.92081464868168,0.0,35.572352657877914,18.5878553333079,35.88885448282855,385.5689320765495,1.5095106104748188,2577.7117168462355,1041.4713414586888,7.390990743535058,114.83147802062136,0,43.79829061842631,49.54515878477976,81.70198640102014,47.09903799248337,71.66611873803596,12.763257007026422,31.05751942152667,16.86291065912784,13.835649716305907,91.25937360750964,94.21814534390153,134.4922537079699,33.14434211658998,26.994859076275084,31.41453800992192,84.37985924073448,0,0,0,2050-01-01 00:00:00,No Failure,0,0
VEH0047,BMW,2023-01-01 00:00:00,85223.13646376277,101.29530535919577,1006.65508251617,48.42762306086759,82.84027081470533,36.91463645738003,2.17990317771729,41.15269595876465,33.55515193272246,45.668013488666105,364.5160747754007,0.6647579943065435,1831.0027443740107,977.2557584199628,6.42583430068076,151.5448380724314,0,42.64082636020289,61.46777605751668,48.46119414967932,89.53498569600654,90.4976510450554,13.353086388026476,2.798955430288144,20.904986551492755,13.906581224668823,45.07648851213632,94.9793498274266,74.2318169819974,37.04457181248766,61.67251360054613,32.159003046093254,84.88489853550608,0,0,0,2050-01-01 00:00:00,No Failure,0,0
VEH0035,Chevrolet,2023-01-01 10:48:00,78545.27645503024,87.1283989694876,1689.14354111149,56.42806147993824,91.68180295399144,55.56539214458647,6.533331037651787,26.49642345945769,44.43477831642644,41.68308537519796,394.1295249314665,1.4450215748690398,906.5035013559864,952.8800396546504,8.925593489979072,37.15475051751909,0,98.61476222265196,12.983093285171734,72.38221481748573,87.20809626560501,48.9535568639824,11.988212054039373,33.410547366140406,24.3188868679042,14.419333884566631,66.0421125259743,91.0009434034634,25.17637637840143,30.85800331868434,41.463772017033726,30.70210067062094,79.97121379613084,0,0,0,2050-01-01 00:00:00,No Failure,0,0
VEH0003,Mercedes-Benz,2023-01-01 17:05:00,45761.89716524016,87.38327148331881,2252.981540343557,44.708199966886816,92.63710006483176,74.07724569183225,1.03705564627119,67.50512603616373,71.24279672823191,79.69340555174449,424.41583732360994,1.469874289023014,2051.696173646206,1054.6618949084173,5.962752998964265,147.7897058508127,0,85.18899881904557,58.69723882897706,50.63683317040039,11.250609993571487,82.3038545065087,12.869942117616963,-11.350309409936209,19.716989672347328,14.216726635405823,96.27143098734324,91.28469768840088,36.7648831226246,24.612853988595703,64.69529945343383,32.251089398700074,83.72953542554865,0,0,0,2050-01-01 00:00:00,No Failure,0,0
VEH0048,Audi,2023-01-02 02:38:00,60899.35712502808,101.75522503372687,3137.1478784636893,50.34852179620538,90.49948961622162,81.73186838673729,4.485208897639708,78.63287486081819,32.71730881214718,47.727147629760296,415.6762622022161,0.6748719411435438,730.0972097589597,962.0745065286995,7.690080668799781,78.68038221361576,0,21.83716560295491,37.66782903506818,73.47393798184552,62.8951934016162,92.90398430987662,12.084720837648517,21.648931263396097,16.128792682320316,14.116596213728448,72.81733387802228,96.37087650298504,120.47352750806074,27.61410169151685,49.05223980384276,33.02822325807415,80.54718823119848,0,0,0,2050-01-01 00:00:00,No Failure,0,0
VEH0002,Honda,2023-01-01 08:24:00,56802.96153871324,94.5425399751455,3371.2528768500288,41.84417053996958,84.65797309669476,29.69994487098735,6.937863631107822,47.43697704663489,31.56803852718777,43.27142992111929,305.30791522219903,1.0714129908180985,890.4985121067525,922.8105974645596,6.291209162180047,84.23750190128413,0,26.591552181277645,63.24281995138027,91.85177667863208,23.513394518028,67.15976982032953,12.160125995801677,5.609202050205633,23.97724572808464,14.131525074048438,48.46217217881953,98.2792088384461,94.534122574295,24.52026837228802,52.76954344359286,33.16240749751646,81.6927624221829,0,0,0,2050-01-01 00:00:00,No Failure,0,0
VEH0036,Kia,2023-01-02 11:20:00,18578.004551122507,91.98973509269904,2892.4578785777503,45.62269421557753,85.73755765295395,64.4702585633132,8.272840038085464,35.43551298523355,20.907600070107485,29.59509683445162,115.82530363718224,2.059157970249979,3066.7083111883985,991.5974272154414,7.323539611388601,42.02121108265688,0,80.701928253816,82.95185848313437,120.8178972020386,23.22767440897956,4.742243427124201,11.84436373611334,53.28453379370853,26.638934066851537,14.309210911573071,95.8915172819072,93.93274120918144,1.5805714358370435,24.24813149158172,75.14020796137476,28.09247697901267,84.82344425456058,0,0,0,2050-01-01 00:00:00,No Failure,0,0
VEH0010,Mercedes-Benz,2023-01-01 00:40:00,22743.54919851385,93.80010327604283,2166.0126209242258,38.44482794360268,88.87366450060259,75.53517823487982,4.091500532344076,29.415073825597865,21.859930121454,40.605960550402735,218.3378466128088,2.2098185466752907,4171.883773296268,852.7537140757829,8.364128313863585,98.31954619903352,0,16.7377920494163,70.19983825588577,41.17742386366496,40.89560026476891,22.766010691891687,12.906744706350429,8.79376778663437,22.235619772621355,14.605265444293265,94.75488334685431,95.10839213223028,125.55529761823912,8.954852948408849,56.58797239305648,32.31678225913838,78.51281948682883,0,0,0,2050-01-01 00:00:00,No Failure,0,0
VEH0041,Audi,2023-01-01 05:12:00,49688.7906950316,99.19546980047892,796.5279246726202,50.699838128901305,92.08364532099532,76.36237665800138,1.020058550056691,80.78238003889923,25.641842863484133,77.92864638777289,555.6432649370115,0.9481450338778832,3142.1500850048865,1017.0451407451023,7.118282758065908,135.13947697561616,0,18.193908963803374,38.805327388621,72.60526914311086,88.23720967929276,30.108259369075817,13.098770759600884,9.621244181906953,24.31042626515897,13.739479315843036,97.7163243367215,97.63552959518356,112.600021947654,45.49527325736551,47.42139499824028,31.40162806063192,77.41519310630613,0,0,0,2050-01-01 00:00:00,No Failure,0,0
VEH0033,Honda,2023-01-01 02:54:00,34299.354916250246,93.93032172443564,1834.2207693765256,37.3493842539903,95.53099311137684,56.05719986655353,0.7005938109655707,32.17065817364421,35.821700293418495,41.93720420356929,579.9246549752122,1.5920137518655724,3769.706471256645,1048.0831615164084,7.966078888423449,14.187169764296684,0,26.21940026878037,24.353660918650974,108.30229634097478,128.99929861437062,68.40674958630564,13.26720180849026,24.912125861208462,25.425371716712608,14.105546121948349,87.43238922484727,97.94055031777042,112.44030026044324,38.6884083383464,51.54469547029844,28.824866977550204,84.76502228220896,0,0,0,2050-01-01 00:00:00,No Failure,0,0
VEH0018,Audi,2023-01-01 19:35:00,86980.06997473558,98.28718706898955,1823.0176128146095,58.34971006026544,89.66646812565166,24.71002905629006,1.8812205667043849,0.0,49.774435747930696,37.3622515454496,10.184662883587292,1.507802481460498,3857.1935684861146,1031.552636655619,7.186530822045424,49.529158392362135,0,17.540300665718334,62.40354055205697,104.03733208849586,12.970780327749727,67.72784002343576,13.062289045170052,9.21654619259152,20.900234178689644,14.392960997141524,48.99449112716892,96.01268550163364,137.8896156923962,35.52835648123338,66.48384629661639,32.91742416079225,78.18806141907092,0,0,0,2050-01-01 00:00:00,No Failure,0,0
VEH0020,Audi,2023-01-01 11:54:00,98159.343177986,95.84892267119444,2827.480609656332,42.92713617709014,91.6168713692522,19.755475682337664,6.968245558602902,29.532746907452985,24.12842961866971,16.59177782778695,457.9936779348771,0.7499871835745664,837.1351455426932,1160.62583577722,7.434361472043594,98.0433507072929,0,46.893795634874856,99.27107234103887,46.98850070598266,57.28016260833753,1.8145872930934672,12.888487119920947,32.30557285489143,28.63927163421591,13.566114976476449,53.02489402375743,98.4283470349166,91.98386104060152,55.362638267071766,69.86589165417769,31.68262443960092,78.78386320620893,0,0,0,2050-01-01 00:00:00,No Failure,0,0
VEH0045,Toyota,2023-01-01 11:43:00,90777.82940647764,88.57485837553871,2022.9069716471145,43.80569860304647,93.52125959597956,3.317207145840229,4.282486938326213,81.07507886341148,39.89138408355835,43.09511982788435,271.9735351303974,1.7078189931526846,3095.947705711347,1004.288383174725,9.688518138230156,102.61695690070964,0,24.43979423831988,29.58613155088249,68.71448956706706,62.39995814893793,49.49730069854463,12.542964583811235,-8.604024216735844,25.59820166149968,14.420572313843262,98.09434946426096,91.91996578888036,42.55411059973486,15.25738290499232,51.31112057922672,30.7882534372004,78.85457834412884,0,0,0,2050-01-01 00:00:00,No Failure,0,0
VEH0006,Ford,2023-01-01 05:00:00,79862.2380178809,92.36990603727531,1705.9605941577624,51.61988821884038,90.54702958728936,15.400445010741093,5.290294286993226,24.22236469248265,34.09442581772717,64.18510933771219,293.2030161102187,1.6069181919007618,1122.5205136071422,1059.195827163717,8.908574473617016,97.409701263856,0,34.779829547159416,63.036900406128936,49.16165511411546,88.2871939611025,74.157584489508,12.555169765962557,-0.5729715155104742,23.4679053732102,14.33384104063424,97.7910423012626,90.248198164997,99.3039416673204,34.22521424291813,47.21386719362179,28.829657049844386,83.53600783622589,0,0,0,2050-01-01 00:00:00,No Failure,0,0
VEH0026,Toyota,2023-01-01 21:42:00,94394.092974153,92.04602755851516,2220.944948356042,50.31821476165844,86.90883312997644,20.236723620635637,5.331907972130413,28.88937893643528,59.53714779262077,34.34444208482226,442.2743078184876,1.2533548237132055,2199.491251433794,1016.3633299798728,9.629719328764216,108.88943773495,0,25.48605873167177,72.79071653852952,62.94308733316066,37.96615269399261,27.607582499877463,12.100547363920178,-13.620633393348417,20.98160838546764,14.006006338504376,90.1783765847628,91.96691845471652,67.61821117139684,25.77422855702961,68.80737056717109,34.82049649448017,75.41836883306178,0,0,0,2050-01-01 00:00:00,No Failure,0,0
VEH0028,Hyundai,2023-01-01 21:00:00,46712.01750468991,93.6621309955692,3812.013330932934,43.60515221012157,95.34466062073513,52.05117034063231,5.727717579151862,70.57791204554032,12.3134382581588,46.87582580944322,581.0890614419587,1.6635359715234612,4721.769170861185,1102.1415110016771,8.632310887002218,97.6585380910269,0,95.43925432946966,30.6706045313344,89.1129673986105,76.74667328235878,54.117677959686695,12.67413602032822,1.4529533954430305,17.101423595183483,13.990083344222262,67.89635622757613,93.35497178287088,62.25520611478405,44.4132866319661,52.64413005492219,31.188762250940545,79.01948623994365,0,0,0,2050-01-01 00:00:00,No Failure,0,0
VEH0002,Honda,2023-01-01 05:51:00,56661.41231803373,92.78610542353624,2980.2088343474943,37.429921812588105,82.88535209207609,32.51883833884504,7.380433978494525,50.027017920915625,27.209312173409955,35.96101660589464,257.1851240581815,0.6680147726792848,888.6458865121887,1133.231148847873,6.331583683198349,143.40253296221897,0,15.703571934745163,83.90646799058638,65.31880223870874,120.81126150028943,23.538623996656103,12.446583822020228,58.58415756925452,22.87534820287822,13.882097795994248,95.17856642948144,98.294795981033,109.7711212423813,34.71649610563251,43.53297521175864,31.264847396387147,75.30628326669908,0,0,0,2050-01-01 00:00:00,No Failure,0,0
VEH0044,Toyota,2023-01-01 10:08:00,64122.58798318089,100.64573172467752,2422.7471354759155,31.174163054566904,93.694087000342,17.597260811315472,7.843199565961791,40.13731768271856,41.16970753829088,64.48444542973681,297.43110585727254,1.4565284013919038,4007.616771695861,959.5870646987177,9.335117459150265,30.436342645668248,0,35.58789901680298,6.999438182106758,73.1254025495953,59.91023427580912,50.42538449322658,13.675774495016826,8.29487853905409,20.279698682894757,13.726811767583994,69.69444293780943,94.88474925771978,89.30922652081983,28.868299366079174,77.58704682849796,32.83776891975429,82.11840984020486,0,0,0,2050-01-01 00:00:00,No Failure,0,0
VEH0040,Ford,2023-01-01 03:24:00,15437.319192648609,91.70773626069855,3044.69619414183,48.27100748489652,86.67049644904337,53.744827216970805,10.24211562180496,24.77067889366946,6.349578816571672,62.96036724556899,490.3096930386143,1.883097782761712,4043.911969455073,835.6171327462639,9.464555016745887,-0.1305990525209921,1,15.642343941801371,115.8768320066532,48.08272761441262,44.0629302069472,40.80273732176374,12.878143522523033,-3.713636599544429,25.7167265763072,14.189232543476315,69.51114165224104,94.99177459263696,8.745102093659213,18.752577615283144,50.42710659298293,28.46621176831256,81.59221128431751,0,0,0,2050-01-01 00:00:00,No Failure,0,0
VEH0013,Kia,2023-01-01 00:00:00,86926.40058348842,86.52202541998173,1047.0129693616996,51.56683407353093,87.92597216341343,2.2025300880576526,2.477613435666897,44.6114564806353,40.54042901827921,47.46707969943347,444.2084066349299,1.8845977186385847,4948.653108935329,1228.9549434350597,6.9612383213343625,117.04856885218705,0,65.16428004941817,78.24229438656938,85.88983138168362,62.15470221409002,39.85687468718562,12.45680559589328,-3.264540218871561,22.628232127201244,14.02737217025255,87.36670794002451,95.51917124275936,93.95145538269117,30.769159281583477,60.98490766829384,32.204155646895245,77.26658288130916,0,0,0,2050-01-01 00:00:00,No Failure,0,0
VEH0013,Kia,2023-01-01 21:20:00,87753.49334792819,93.29752862622686,2095.987157422235,40.345185534809495,88.32650200845926,96.07227719117022,4.526105441872011,51.93571013470941,38.63780708753116,42.12203134006594,465.5753111212425,1.7102039349007023,4956.664209662133,971.775341843963,6.768745605997273,100.79639966109652,0,73.18601164043659,133.10964961237076,40.67717409973607,58.32547357080325,90.6319474546144,12.574561146331805,20.743317802801897,33.323317709095875,13.980950654308272,56.9191938388729,95.43426641202436,50.00442213472649,53.20202348162586,82.72674925611328,32.15318953646371,84.22842327565277,0,0,0,2050-01-01 00:00:00,No Failure,0,0
VEH0042,Toyota,2023-01-01 13:56:00,31363.51348392717,90.78084152804075,2447.0401845029533,49.89973330219089,90.6989809071382,14.782021991703076,6.508918673205059,55.495018497638725,26.527594268282588,82.5154559447986,602.1376853214307,1.787800219861243,2393.779383639036,1106.0952632445108,8.271161130093718,23.371847309203535,0,50.21958110295736,-21.68760806639845,38.83102451037092,60.11155494300171,40.807977275663305,11.476789751496312,1.138866974590405,31.59167768907995,14.604564046082404,40.24294765946654,90.53686811244418,51.40325720628492,31.83631710342901,71.97376332585432,31.752172849014794,83.7100967333219,0,0,0,2050-01-01 00:00:00,No Failure,0,0
VEH0013,Kia,2023-01-01 05:50:00,87176.4862701574,99.92858300067448,1423.1196723267208,41.46920612313305,87.23071506623708,91.21458642190656,9.824948802040236,39.90335470986054,17.69692867103887,51.81329635378252,624.8910481868251,1.2954759279171824,4951.720779652678,1110.6043647375814,6.908527909790135,125.77591913438567,0,38.66080977853582,-8.099172675933787,60.56902963814712,91.65037344277432,31.003248961500255,11.77797340700286,-27.26127675583274,27.039931968868054,14.123415496478987,84.04204866410055,95.48944118226254,81.97240641646488,7.703312872805533,46.92690018078232,31.693120128121528,76.29974746124995,0,0,0,2050-01-01 00:00:00,No Failure,0,0
VEH0033,Honda,2023-01-01 06:25:00,34368.471741732086,88.85136389584702,3178.480628704853,50.40591416009559,92.35529769880972,43.906663359082586,2.1162553648033446,31.947278653769864,4.748621784291935,5.776034484576719,450.5354823806498,1.62049263837978,3770.7059888670105,1286.7740433580354,7.949424268081485,73.22630393134995,0,79.06970831732345,42.31394879558927,41.10586517532198,40.6725344551325,40.0063320834172,12.935118916222455,2.4853672277092853,33.98602353048629,14.20027182864211,64.86113733001032,97.9273766759979,91.28692431193876,50.15346666824834,72.86146878316367,33.62345434857368,76.43903416862928,0,0,0,2050-01-01 00:00:00,No Failure,0,0
VEH0041,Audi,2023-01-01 05:40:00,49652.49352485818,91.10837387611784,700.0,40.74177047127517,91.04391681638882,10.189272959878238,6.645890083468503,34.09553082857734,42.50920883294643,56.3351544347756,328.76909171184485,1.4035666785455343,3141.33942346067,828.0125416711153,7.129705417239093,166.30593866587918,0,66.26219877355192,56.8953360771525,126.38161160306753,68.21705532570155,75.02576334676225,12.448177770202042,23.568449091870185,31.119160046409448,13.778079969507257,61.65473171857419,97.6421519244568,3.9889608048997474,48.00999499124861,47.85546538750657,31.044049078187392,80.16762596901584,0,0,0,2050-01-01 00:00:00,No Failure,0,0
VEH0001,Honda,2023-01-01 00:28:00,39322.66460359934,87.4763571280787,2655.567958172317,37.644180085900175,89.7008932971073,13.63775542218203,2.562925757768404,74.21557014673806,1.223553550223059,32.53169227848623,384.0217029477639,1.4222998776457731,4390.159005812785,900.9067131933308,9.497367568294276,109.756631034793,0,89.52632054827346,82.39736113275987,96.31350847091949,104.50384843814469,54.91672728066189,12.420446977529076,2.017086452180439,24.87720174373692,14.51511686407275,45.04581367409759,92.51407183259396,88.9992383071954,28.155359620951124,87.21688217744202,30.44440687945609,78.55950963705487,0,0,0,2050-01-01 00:00:00,No Failure,0,0
VEH0007,Kia,2023-01-01 02:30:00,41816.45145480473,91.4669691401404,2065.4811265291974,51.95120522437347,90.76653419495946,52.008210523383056,7.405157958075573,22.722341413927214,2.012345886589884,66.76526479243623,453.5216852097036,1.8426561902478027,1804.987765458435,1025.125524800351,6.531791372744147,43.99359817498772,1,13.138079614440525,55.81838453303777,99.56911188691376,105.45013872958616,74.98592298636014,11.551233832137871,31.657496049113035,21.281807242440564,14.64811904976912,63.16533927615974,91.9425502212306,3.2238108089376567,17.19820350688982,62.152185964372194,31.60002090858399,76.19403133466173,0,0,0,2050-01-01 00:00:00,No Failure,0,0
VEH0042,Toyota,2023-01-01 04:15:00,31289.177852282828,100.58976770301491,2143.298318965025,53.6485444530054,85.69580783175226,65.99219944597895,9.797665775301567,39.07196011537518,30.785034524623317,43.85032104971457,258.68744086518814,1.976236749222682,2392.5172560637147,991.7193986916774,8.29427809310096,101.27137128503948,0,30.6074822908188,63.09021706261744,21.34141731767796,64.13912595717153,114.07843226112432,11.58408973031249,20.622301088063857,27.46836759767992,14.009659007106738,83.93898685312408,90.55292780759972,26.670243927727924,38.30499350927238,84.67074928958553,33.340861195351394,81.34113570288723,0,0,0,2050-01-01 00:00:00,No Failure,0,0
VEH0042,Toyota,2023-01-01 01:35:00,31050.968253642943,96.4053588999949,2195.835289142647,62.47839537476354,91.78984547447835,60.5027484962576,8.331677547755492,65.80038290441195,22.256513753565173,29.11769254814823,517.2372839101049,1.2680439520961246,2389.7378633876856,1122.834696736651,8.346513262301524,85.1528704536705,0,57.59673668045452,81.66397330873576,67.80976328411242,68.75164189490089,55.11105807130918,12.840597950963913,-36.63813577240833,20.697343339185835,13.110095917206518,76.71094746156557,90.58174443344248,69.54489280113083,37.03562641202788,68.7508607789205,31.30845971605547,84.38677177037425,0,0,0,2050-01-01 00:00:00,No Failure,0,0
VEH0000,BMW,2023-01-01 22:06:00,31999.77582808526,98.9215674815614,1347.7993396232614,51.63421678898378,88.77469840931143,56.361862691804085,5.066137098784916,30.157292242882168,47.47397949212878,58.70026617055908,388.3867502285877,1.3261932442467683,1098.233620966168,943.4418967071178,7.595417873186332,94.59036874552012,0,51.49372682511311,80.84135075544803,113.06207156876113,69.16086533562378,19.84774251223103,12.123376722186856,-4.74355459555257,26.53484978735898,13.883456198226638,84.001690327727,90.74627201354072,116.79993736863295,36.25026856615325,58.86882991812049,29.333393903958104,77.97036532698293,0,0,0,2050-01-01 00:00:00,No Failure,0,0
VEH0045,Toyota,2023-01-01 10:11:00,90660.46733182066,94.66955401665848,2028.8145575661863,56.424417755546905,96.70452651656257,25.126785249885497,9.340404358072233,36.82603647989559,9.755399547867375,47.76804141841339,349.2568979970696,1.149278958192241,3095.100786129124,1001.8376708039816,9.719600019342131,61.22876999797846,0,56.43568205080152,62.71308663396205,40.25023691063002,85.17942683644,4.338984844887605,13.115165597925523,43.48833263762224,11.43859896489017,14.229539815056697,89.33902269677179,91.9392249854124,109.90324042351226,30.088321816887923,65.60420903597063,28.95673512899949,76.27948539557181,0,0,0,2050-01-01 00:00:00,No Failure,0,0
VEH0025,Audi,2023-01-01 04:12:00,32456.02567074193,93.72781462808814,1412.8873081476254,33.82463282389066,90.11572329128587,46.94724934405945,9.152773245356885,70.8712476966657,67.20528555465594,0.0,371.9900559659985,2.492983577827144,4362.249522602315,1094.130705620515,7.5860457008056175,42.14482161946889,0,58.49067965210417,61.50359515908054,76.62769544182967,47.017665615863024,51.7130519229208,12.344566806767512,37.825743711294365,19.983346459885222,14.746039350664338,48.65913880903303,98.06526527634269,139.22135922185237,30.158640125103812,69.61075089027905,30.78864143203574,84.3580660802125,0,0,0,2050-01-01 00:00:00,No Failure,0,0
VEH0001,Honda,2023-01-01 20:48:00,40097.13488055119,96.66345381331404,1752.0900563867392,47.06522856108758,89.73808975143349,48.47477865524488,6.869322059068939,53.48211683535755,27.898839872506144,94.46261934361038,318.2802852080193,2.5623244849255333,4396.058509942134,1016.5513271017376,9.377978674292663,102.67500813786428,0,28.664186294831183,86.89616792917086,30.27879476827333,42.42658636635928,67.1745240345721,12.25387249595698,28.408950027425483,23.71029819397741,13.965600232295536,71.92878823166028,92.4348521860495,76.93687471787425,26.520186522440984,59.93232454531911,28.41196070627576,80.7588928359763,0,0,0,2050-01-01 00:00:00,No Failure,0,0
VEH0025,Audi,2023-01-01 08:24:00,32828.47764239019,99.05498636095209,999.7110657358588,37.98460102010942,88.0307527516352,87.88987810023146,4.211454575390367,0.0,0.0,54.03532928237213,678.1988557087982,0.8746789791291965,4365.843578022364,812.2033339108884,7.480197717620221,149.31095154817655,0,54.04927776405892,46.19844412218627,77.10259487294476,84.3643938495291,160.17923850199867,13.173714495946388,-14.866170313736468,29.70003000389236,14.00422186036723,98.15119970368168,98.01412929021362,73.35468557224519,37.58205817328899,51.6783877634925,28.409629707227463,76.56758014584756,0,0,0,2050-01-01 00:00:00,No Failure,0,0
VEH0031,Chevrolet,2023-01-01 00:00:00,58139.41891699047,91.4498399688682,1839.68135450269,41.46580641343197,88.40041665237837,61.27032029142215,9.570459997088342,29.650108142238224,49.342913982876674,44.19812160102888,538.2538077006018,1.561675982832133,3224.967203885036,897.4667361908498,8.813998860008805,83.26290980661429,0,66.57032711190035,44.92850838868019,-1.2955207041170451,34.61901431640368,79.83638899519521,13.274681452042383,14.33898137767368,17.0603712932523,14.03932999534528,88.60048977312411,91.83348548737176,63.38811443988408,26.504347545897904,36.215910657325296,31.92732407401526,75.26297586748966,0,0,0,2050-01-01 00:00:00,No Failure,0,0
VEH0007,Kia,2023-01-01 08:37:00,41725.23367762908,96.9921772985025,3143.343884950996,25.38335437416302,90.60166960961163,42.50904096288669,6.0692517375244135,32.78545551481281,28.48646510031876,67.39196765300746,492.6708123454916,1.504296360301247,1804.6447663884803,1056.0643605156606,6.554016963310959,-13.42924353122099,0,92.236390864964,89.46176582687926,54.00834007664839,33.305309230666225,17.95627775289364,12.868430024063745,18.26526291167376,26.938882550783863,13.52823414893391,93.02464670484572,91.95078538522698,0.6367653345090076,36.69290304289878,64.12817606060679,28.5466442591274,83.3302571281246,0,0,0,2050-01-01 00:00:00,No Failure,0,0
VEH0037,Ford,2023-01-01 13:30:00,30349.637441269428,95.48112719217272,2157.6547153739607,53.716766963629865,93.95064914179176,6.443529727763064,2.5494097185681186,18.684041561118224,0.0,56.19282500081625,30.21806131603222,1.825674185475271,2276.818801495924,994.1229529973236,7.936195061705403,17.79885184313934,0,65.9020087466509,101.34885325774712,34.19186731251222,68.85825853010306,69.06901296083845,13.09224203144727,-36.19901049644504,26.52900621821607,14.40012902599399,60.94483830048023,93.3158401445364,83.68425740313444,17.6430859724503,82.74704020562115,31.02813923778106,84.23072703991109,0,0,0,2050-01-01 00:00:00,No Failure,0,0
VEH0002,Honda,2023-01-01 02:35:00,56534.150522026255,102.04873673086864,1120.9887419830177,42.28895595748808,85.78348660440012,46.79279206738908,5.706474678238077,37.30538857602116,33.59192007204362,87.26425487970343,397.7284669349568,1.9312219258305243,886.2088990150111,911.8438948773428,6.375649127468103,146.94050812392538,0,2.919829404267571,51.795549381163376,44.394593540664445,41.93220104557884,57.68868236105834,12.8669947016536,-26.197152882320992,19.74915352078401,14.083144729954755,46.20376225823704,98.323075797455,26.433652479303937,29.312126242275944,75.73953463325147,30.84045227913504,83.1147825211539,0,0,0,2050-01-01 00:00:00,No Failure,0,0
VEH0026,Toyota,2023-01-01 10:48:00,94536.61589988532,96.0597746667953,2487.728100874656,64.79970589322456,93.09939525507532,63.81526741600144,1.900668327463551,45.22378032095769,27.25594020022348,51.77615240591244,146.74073484647172,1.6226762193060245,2200.7856738897062,1194.6907109687595,9.601353676561796,76.33379393768215,0,38.06469178509128,73.82603331501329,30.695676943517316,78.97757518108929,59.07918520540236,12.940598535235466,14.121573270917697,23.58787797156433,13.87580826307643,70.26608919922587,91.95070544711764,63.56554589248464,44.611005285885504,53.70640674538858,33.70339349169924,79.13316504766534,0,0,0,2050-01-01 00:00:00,No Failure,0,0
VEH0016,BMW,2023-01-01 03:48:00,75133.54678905073,101.66959554258524,2456.36411117648,29.95622720228501,87.12778719951676,82.18557635539639,8.388644956896409,60.483489433825504,0.0,38.218647179473805,238.39585449614975,2.308866163449109,3413.775746534425,1191.9042294870137,8.811754394426943,71.37976094570614,0,47.90718601227877,52.62996521805088,57.30203031588182,115.19980351177496,60.61738626805589,12.836578617468549,-7.449691688061286,23.022349551921447,13.95427171393132,55.18452794748833,94.714544956485,133.07970354567863,32.04965692560043,61.789852143834594,34.99329747181138,83.25266381599606,0,0,0,2050-01-01 00:00:00,No Failure,0,0
VEH0008,Nissan,2023-01-01 22:00:00,100409.77173339156,92.43518630157634,3566.800516034184,40.27401807673223,88.36037430801693,22.74298508741026,4.6570129861608525,74.49711291027802,2.456071659311977,80.35318083846525,542.2352868373964,1.2976306828393969,890.5114938588499,1005.7943382107278,9.128008463464,21.5649092366352,0,14.205474901882242,26.18070020585336,40.57046199190646,40.68607911319052,82.7253923278233,12.324939884451002,22.01772833074638,29.585584748325324,14.176692631361128,66.67102631998573,92.70875340298716,26.334806808467228,30.726882447850382,56.14111598477485,33.7753092007656,84.00604995879513,0,0,0,2050-01-01 00:00:00,No Failure,0,0
VEH0000,BMW,2023-01-01 03:02:00,31730.435926880127,90.56720163052026,2386.236628187002,58.98031005236281,95.20829620681592,30.188082436389973,4.116890103362961,19.40093311965941,0.0,41.17256967282922,600.7309778464019,1.6595080306347996,1094.8587674864386,1095.6850158680563,7.673474232936636,73.38306012975406,0,85.20742530989955,104.5683269635472,-4.626956805293403,81.91686834855363,67.96137493911289,12.464081802729453,29.62149597710844,15.085764527881397,14.111675737660727,54.75939809075537,90.78433042067635,107.3007152062754,26.711431589782933,43.37128217063331,33.14613778120518,80.84680164136684,0,0,0,2050-01-01 00:00:00,No Failure,0,0
VEH0015,Kia,2023-01-01 00:00:00,21506.40227083883,100.09253484204132,700.0,56.17803470127068,89.27676849416568,13.062901660564508,3.902278640656297,37.97865510247309,25.20313284082111,72.25713084511882,534.1317920842646,0.210210174801283,3235.646601070511,879.643652025796,7.243606826527268,86.23844215498755,0,3.089673102136869,83.36170263005877,35.27595900778591,18.125445148205223,52.908616898659446,12.945241357079858,-5.0746634028762045,17.832620244206414,14.12192880433243,54.268691130259874,96.31045208416788,42.02104608031935,40.763921386284814,57.899173963373066,33.602477804971656,81.08268897066237,0,0,0,2050-01-01 00:00:00,No Failure,0,0
VEH0017,Toyota,2023-01-01 01:10:00,14124.270319374848,97.1473513266908,1575.489825074544,46.10549119130372,92.59492424252711,7.430570712922535,5.386665071102541,46.365050120702165,44.182729777047285,38.154289921791374,123.26106949662932,1.8202198954588509,2077.2794810907544,1040.1075570999485,9.62982665575952,185.40820732653583,0,94.13093531974434,78.77004540079217,86.0700722069992,57.28692706945877,36.14594396029682,12.598781357953738,9.84154884137026,28.469618330683858,14.429929439318004,42.67147054787154,99.11258760275057,133.98254808593637,17.448883011221994,38.45714185996056,32.4904263142367,81.32649475292284,0,0,0,2050-01-01 00:00:00,No Failure,0,0
VEH0000,BMW,2023-01-02 09:26:00,32251.57499721708,92.4876216547835,1579.244282385691,37.16061179239559,83.73646088346788,53.44678281022374,8.274689225396454,27.134290779144195,0.0,38.77295924020128,625.0389258359203,0.8283443924293522,1099.9294085980837,1119.5430026822887,7.551854502388475,111.09679005577482,1,14.510988863564322,52.45180952557724,101.14201380356702,84.82753175771893,62.34677964942714,13.307796436351984,-17.359266271813457,23.213020293053887,14.65388351632177,91.85733457046152,90.7234601376796,98.26268735500832,35.55360391650271,78.75032106160661,29.544866209218227,76.94986332231018,0,0,0,2050-01-01 00:00:00,No Failure,0,0
VEH0013,Kia,2023-01-01 04:12:00,87679.6354743023,92.83103587393308,3472.385891380188,52.13084941259783,88.06962396020796,61.58019322061955,4.738775354308737,48.94341278908141,66.51987444508244,59.22488109679939,528.2405175316251,0.6638144475369658,4955.54223395026,873.566427397811,6.797037538290139,115.9873614150871,0,82.0486115965264,0.9497076788307552,57.9351092450184,94.6574418729508,35.36633371527016,13.045426962935304,37.3285617694949,30.51561419084542,14.12710725876354,70.59794913691988,95.44399340178606,50.53059692544456,32.54495048423051,44.4921236625796,30.564515960880144,80.90783022544738,0,0,0,2050-01-01 00:00:00,No Failure,0,0
VEH0004,BMW,2023-01-01 02:24:00,21291.009417778856,91.86047190069782,1614.4105963256482,65.97560959728494,95.33760478441634,66.56686169999747,15.127696359764132,21.9133288789579,0.0,41.78004776575236,624.9948869205842,1.105049552069956,4300.876533692287,1136.7760557458328,7.884950379049662,50.99381566752048,0,93.98171508205652,92.29763335343247,40.33143082700845,77.46182654342081,66.5665658686859,12.891440500294836,19.24111760273897,19.900400788499933,14.192051586224231,41.163223482007616,99.34692751576084,0.7698807445201936,32.357181431451274,35.5036353500454,32.213122914769215,77.17671805537981,0,0,0,2050-01-01 00:00:00,No Failure,0,0
VEH0039,Kia,2023-01-01 17:46:00,24212.446584173435,106.31714892996123,1741.2872667378267,49.86961857132799,93.60833171736957,76.38362626507347,3.3779445144591858,23.34675062072,42.23525730594496,63.68728648177441,273.223692938906,1.351721425205981,824.9058841796237,878.3797520110486,8.641656813670487,75.54169595046055,0,43.40018593088074,109.99549199787424,10.385906801251515,94.00860419287272,89.6594846177982,13.22263346996368,13.62952909788633,22.254554540079432,13.675399934520769,99.06176550116588,92.77394539305388,65.7912851885489,38.16698158864194,52.50270397715847,31.94430484337862,82.13144108991096,0,0,0,2050-01-01 00:00:00,No Failure,0,0
VEH0046,Ford,2023-01-01 01:52:00,76619.75940329338,104.71719579371567,1255.089575216659,45.03674141513287,91.222957101355,70.79645441238486,3.825596337568123,42.61498512920337,26.148675596360583,39.256223496664965,67.48849471776992,1.2445928743396584,3090.568255343238,912.2245749889482,7.384086752949234,47.324998396508384,0,56.43437312498879,63.713695428908814,59.62768654065064,71.49020837224047,79.39962055022428,12.599238044495324,7.039262913162043,14.48835476682884,14.09045539537001,90.9210727998917,94.97916501053344,83.88173940805635,30.25302389828813,70.5813941417015,34.22694400605081,84.43242430582312,0,0,0,2050-01-01 00:00:00,No Failure,0,0
VEH0037,Ford,2023-01-01 06:25:00,30261.02755212023,91.07319857237744,2306.5475603972623,44.18467138490743,89.33535023713463,18.702033763507764,4.555660293986307,36.252194204862384,35.684470342908305,38.710350510418095,140.26762677081365,2.703871283868237,2276.251494856023,1070.909061642673,7.9724714337399485,111.917718620466,0,58.02452628864366,64.21777265099281,73.22187899963639,70.25464844415848,99.53746507276894,11.92572179120259,6.947806624579384,22.893042933011458,13.902276939069164,91.4357030843298,93.32919707271982,135.97781511390355,19.666816964734835,80.07937456431293,29.64984408823147,76.46316669527144,0,0,0,2050-01-01 00:00:00,No Failure,0,0
VEH0025,Audi,2023-01-01 04:57:00,33050.330341494955,93.12400773869926,2055.217880211803,41.15365669008719,86.84801626026109,56.18893997421524,8.962853140465693,41.41973402061286,13.759532548649108,83.07913573782486,457.2349393547794,1.254598401839876,4367.816728868917,889.1281109339222,7.459830669285286,120.72950908553992,0,54.40557845470533,80.24519602900796,9.391479200508655,68.52044501018429,118.51073056311805,12.517061683515005,-7.224453212993858,26.409312975230627,13.665577811637563,96.1523322050939,97.99304039153222,180.0,18.138601617519345,40.40797936239669,34.36038131209894,84.53696327876938,0,0,0,2050-01-01 00:00:00,No Failure,0,0
VEH0019,Toyota,2023-01-01 07:12:00,60093.78384148965,96.5728377250334,3417.042550455879,51.530008535997744,94.17109305064696,65.6312863738856,5.547204655423904,21.722002447421417,8.415288079275602,50.8323569299742,618.7725692198667,1.5447689062168808,1983.1484456706576,1061.531060499356,9.36267933770154,60.79924891293842,0,74.8183645236522,70.53981044194832,27.839527119894623,102.94934244580593,42.34245385474322,12.24912169865843,31.123784515337324,26.36206278712039,14.15731704733254,89.15512649878389,97.10926797779518,28.729704759658723,42.180447811759656,97.5530937349376,33.705516024253875,78.39090204258129,0,0,0,2050-01-01 00:00:00,No Failure,0,0
VEH0030,Nissan,2023-01-01 00:55:00,67378.59794652362,94.7065684504197,2698.9398851484475,56.80069034793904,82.77368976205388,12.015300317565014,0.0,54.44148672833986,30.14490129511159,57.83005434995463,495.89165052402745,1.2625855078488917,3623.521407295237,985.826055744699,8.071190742919322,23.79562599339222,0,90.93460021102692,23.65200918918854,83.21094679559513,36.14489849985152,49.86881616687496,12.68576052070558,-3.151413212731695,28.704503148387232,14.077241274822034,60.30592694538365,97.18693747477616,36.33316977385001,9.322341848607394,53.29821747155581,28.252179974542987,80.89057729379282,0,0,0,2050-01-01 00:00:00,No Failure,0,0
VEH0037,Ford,2023-01-02 05:00:00,30818.38850848877,88.86663866280671,1985.5552211154131,38.89990026129493,91.5826059293683,96.96981246858894,1.2910894684802212,98.88989515938518,23.8106056136172,38.59994257370502,441.4295425795363,1.157947309412057,2280.716342032493,893.5938941334916,7.861776306254672,99.66524945460888,0,69.19135353479486,37.71760682122339,100.80211818032924,63.31502556727767,104.68561707382032,12.892282070544256,26.772898390257385,25.51476328490469,14.104032007342116,72.74442993300642,93.27655305463668,73.60101276660599,39.8281882758683,29.82527359882072,28.107858495513845,75.26705479401463,0,0,0,2050-01-01 00:00:00,No Failure,0,0
VEH0030,Nissan,2023-01-01 11:48:00,67619.60184553318,90.72900446304868,1290.8884806590377,33.46646178434788,95.09206058312633,48.40205329780704,5.838725525556283,33.66463898397727,55.47714101813412,35.469138008787226,416.62697193004857,2.851404624750847,3626.150789556688,966.672225568085,8.021496176706155,128.54741265215475,0,68.43121364721102,64.85222539328767,69.906289785421,79.26611602426424,42.329359245821024,12.14109665449363,3.650243029063596,20.63570087983448,14.65842756648139,87.87836536821743,97.1571412943586,41.55230494485707,35.16567890596547,69.1987694062897,33.64800717775046,76.10518438452155,0,0,0,2050-01-01 00:00:00,No Failure,0,0
VEH0044,Toyota,2023-01-01 10:24:00,64032.3642749305,92.12537977228266,718.0043189419837,45.820752300600674,92.60868784508956,2.976335879115521,3.61599433515336,0.0,53.10622014635979,35.27573556976457,326.3808277690632,1.9260290479526765,4006.5632791744906,985.072145417116,9.353206046454368,170.58609014173902,0,19.32619584336942,108.82289674686292,62.10961310956117,27.59894428000686,111.24599866043803,12.20040996399666,-25.30419581250618,28.8621685871889,14.05577846012494,78.22569333145839,94.8983810018562,32.458045699453926,36.11303434173048,56.06405615672009,31.303487454544246,77.13133455726356,0,0,0,2050-01-01 00:00:00,No Failure,0,0
VEH0041,Audi,2023-01-01 15:12:00,49845.38146139934,90.18103173685422,1054.299125031096,34.165399276233735,84.14895290438503,5.426854000486625,2.842550192759005,12.085086977273964,24.2339887244419,52.90385361937636,534.3968569561077,1.2504896500237177,3144.086314315995,1134.322855371713,7.088754455798031,77.27781499596982,0,37.106021627162434,21.840231297540026,77.55025606356877,35.38706822036907,96.68385190603814,12.063408227564851,25.645700490112688,32.14367993031469,14.071707221155911,49.75282754906822,97.61771575192503,38.98810550601183,28.8171363305312,58.55024403223002,29.90642486240109,76.58680943413927,0,0,0,2050-01-01 00:00:00,No Failure,0,0
VEH0019,Toyota,2023-01-02 04:12:00,60330.849406020425,96.35583116631555,1469.741001512989,53.98485707873063,92.41795924030876,27.140045978955605,0.0,45.49640893306322,0.0,88.49720683830716,368.4400774636307,1.340420915772996,1985.4943224117928,1037.4451294346966,9.3139858765276,111.66273262041732,0,72.44075408214347,53.05690768513101,80.49150204876975,84.15199833217861,63.19136645260552,12.72412689610867,-14.295571079781666,20.730251460241547,14.323604614439358,57.44721521618085,97.07531855555176,57.541742922936805,35.54377889517231,47.95608537451839,34.69397545964834,83.55094780575871,0,0,0,2050-01-01 00:00:00,No Failure,0,0
VEH0037,Ford,2023-01-01 04:40:00,30784.52333575185,86.67741847837257,1647.9407987235118,57.533964166817576,88.0620238435499,56.9855350235421,7.204637110291043,62.85117721769698,29.176660124853232,41.674525501515,333.2698912225311,1.9577892168423243,2280.4774296759388,1021.6836188064416,7.871911747688912,90.24855510673746,0,24.70879417974248,96.55886357717478,93.8838684974416,52.78018158087498,54.61286505064948,12.865288271072233,31.00570497051441,23.01568710042027,14.052775521764469,77.96090798375057,93.28356981033951,5.182199373666791,25.92376238467773,80.93750802285749,34.12313656891185,77.23476886622791,0,0,0,2050-01-01 00:00:00,No Failure,0,0
VEH0035,Chevrolet,2023-01-01 23:12:00,78351.1934005981,86.95982767444342,2886.7395531069537,27.986802001535622,84.696770803881,74.08042243572744,5.774706658450709,7.274300486316029,31.648864463007666,99.1424178398288,441.7957088075943,0.7469768330689275,904.9735803668028,975.6973598494236,8.969223633594092,-36.34317503717379,0,69.92715584012129,45.9458634134184,-2.9257707619434186,40.70281491082805,18.94236442195308,13.104196336040324,-20.086401784380037,30.536970112231035,14.167164939314205,61.6305234340513,91.02201888686356,62.40631796344212,39.64977357092034,70.12791353545879,33.5127606933067,83.86190273405649,0,0,0,2050-01-01 00:00:00,No Failure,0,0
VEH0043,Hyundai,2023-01-02 06:24:00,94733.14910858162,91.94096454827614,2985.3158995025638,45.26640222980321,93.35678968360534,85.87242559538278,0.5218186010445471,46.4074171357625,30.262682467897324,36.42648980449561,283.1884523011913,1.25017827089262,4270.313298250164,990.3573916173018,7.416864278614933,159.89574275786697,0,55.62664261378561,41.2247301246654,102.9231858697677,84.60879953000997,36.08523997893496,12.376168066523642,35.46258207553012,26.797638189710483,14.526416849642263,47.74848619133776,93.5624589859515,25.391562113971347,49.30961888605985,63.89131086758936,34.15470008651391,78.67397471994153,0,0,0,2050-01-01 00:00:00,No Failure,0,0
VEH0013,Kia,2023-01-01 11:03:00,87349.8740666366,91.22348394715964,1381.9908071597451,35.98427031913465,88.70185942943188,42.72570298914326,1.6535062550497903,23.304059314258254,49.5343459006004,16.238627033085308,422.1408692280525,1.875321331760128,4953.338133709103,1048.1691082529978,6.865297567047697,38.03777639187636,0,43.69345406207295,83.30475470451391,20.4045231428889,70.84498042582848,90.13523873753668,11.551725245072738,-2.382981932928116,28.07416924882772,13.849154492983004,83.07596331691613,95.46936193444525,67.40230349666048,33.03112954011026,68.7012944633214,28.362039275778027,75.90275948732906,0,0,0,2050-01-01 00:00:00,No Failure,0,0
VEH0008,Nissan,2023-01-01 06:20:00,100402.13481664982,90.54478505991116,1710.8497958841017,62.99720839091209,92.57879163713685,90.04988868277857,5.203876992015637,0.0,54.00063102913656,64.33379463724039,528.2401010254282,1.4299475716938306,889.9781327745621,906.2037267227756,9.136232682107895,43.56347412076669,0,99.20408526749054,69.66896058641072,50.37534860139517,57.92903775952582,28.39377569881536,13.20039933005996,-4.851193795784695,21.828494308333894,14.548211882617348,72.6237606226051,92.71430479171669,150.9031632387008,21.247436194036247,67.08667074429884,32.739160166425435,76.01039579529031,0,0,0,2050-01-01 00:00:00,No Failure,0,0
VEH0036,Kia,2023-01-01 05:42:00,18527.279706546506,104.80455841647974,2550.142961941806,49.03911374277772,89.43262809003616,45.62218035491492,8.21840448209312,30.37267927353477,19.156795111375395,43.22782943199153,578.660434450522,1.313901198968841,3065.944102844888,990.2424065298402,7.33894218631893,78.1068374189525,0,46.61732938229841,121.82208666099471,95.8865727410527,71.03214674117649,91.6407208976367,12.48085433559048,24.853790903557996,32.0934437625128,14.440514923461675,54.26345775944897,93.93853353215589,16.823039524359373,37.57859137094501,72.50238405704832,31.855889878143103,84.06883400180772,0,0,0,2050-01-01 00:00:00,No Failure,0,0
VEH0046,Ford,2023-01-01 03:40:00,76382.5823989331,90.36361496594178,1662.363270335081,49.96832871671405,87.73911976909378,94.76695001189294,7.3112186220628494,82.5488541421947,39.988069765577535,43.74985392657456,721.1087002754956,1.499744761478154,3087.6635682879823,1122.8356080103226,7.436558997773955,71.31405887264867,1,15.342916803348816,56.09855391345294,90.84933109602478,91.1400989839054,65.22963983247178,12.971478494048965,-8.880353779650125,30.66625781644627,14.030773035627725,95.31675131857465,95.01060555635208,69.3040480951771,49.154093255700296,69.99450776957933,30.754202176550912,78.96734256863556,0,0,0,2050-01-01 00:00:00,No Failure,0,0
VEH0023,Audi,2023-01-01 15:35:00,42767.10888629101,92.63428985197356,2038.3838605037652,51.56955855481833,87.73223546031498,48.10100758994622,7.924795055351466,18.909860327177128,50.37676377842687,21.375601942526263,360.622843811368,1.55741582404269,2807.813999370995,1058.3784789663368,6.74680795256496,163.0340202035196,0,87.41868537541055,44.96962427865166,0.627565165701732,70.95011589980172,97.13385133035392,11.966401628600773,-11.116172798978656,31.312894196222075,14.487186887117966,90.55267254007374,90.96370158270368,66.37021748816477,20.214760801572083,47.14072285907325,30.917931434302083,78.820919950224,0,0,0,2050-01-01 00:00:00,No Failure,0,0
VEH0024,Toyota,2023-01-01 06:14:00,56479.71384728424,94.4299850595882,3058.043028718618,34.85759818830401,94.25919556521484,96.58830692662612,1.71132869499215,60.33576030873431,70.18974395322002,30.50954004976084,593.7258616000595,1.102456091891605,651.6209808282583,1069.9543270282438,8.389237717890113,57.24748119809404,0,76.69560280095021,39.8165331130081,74.68307860460695,91.65470814306468,39.45837833517314,13.47586596230901,10.22873904809584,28.38294421113652,14.584134316789198,65.97665017084411,91.51944416054005,93.06713679809506,23.37475101373725,70.20191874546276,31.510786054343367,83.86573176692674,0,0,0,2050-01-01 00:00:00,No Failure,0,0
VEH0049,Audi,2023-01-01 10:24:00,59637.229865585294,103.72550826857866,1725.0441454188488,63.6965899656205,95.67983470363752,23.275457274354384,3.731754046403842,45.52591746182756,52.09043896102927,29.212830576748612,365.7211742891128,1.7530787864751525,2574.988922747266,964.5387370194192,7.464918395612886,165.51787981769354,0,67.45460854483694,125.94206513458592,54.81479504612917,51.72806543309452,50.11346499097208,12.822915396395167,7.442985223349795,31.05428247807776,14.15636414516021,65.57053147914895,94.2566609833398,115.4596824987041,13.401468888587562,87.83437052343945,31.333898108334736,78.09945743269627,0,0,0,2050-01-01 00:00:00,No Failure,0,0
VEH0025,Audi,2023-01-01 00:47:00,32393.92371946012,95.64163710890952,1990.657538881703,21.96748572257848,86.13998153362772,15.614610345445056,1.9084519518944432,1.7707826965003193,30.00446677661226,44.03824921006936,222.59685808400047,1.2278899544768074,4360.78722896552,874.3725789075341,7.6080862164461776,124.55055242981712,0,7.9946580636216735,29.73521844983332,105.46540035163832,46.37683539057659,91.40394170624928,11.897919375986229,11.355243196742272,22.544846015824422,14.150758037556963,49.08448179916476,98.07884455771104,116.23889104870965,31.718655005450223,58.85784771670965,31.49586553110102,75.55146392564994,0,0,0,2050-01-01 00:00:00,No Failure,0,0
VEH0017,Toyota,2023-01-01 03:02:00,14439.775404847722,99.52202166636958,1711.4002021734764,45.3648253474176,89.77936403668281,78.59778906508708,7.340150934855959,35.87228923536425,32.95966419801903,45.60424343357341,355.55846375703703,1.2092946362076582,2082.8124469832123,1140.921058557279,9.538627942970686,-18.353129321827662,0,83.21565808910515,80.30064040305666,52.46829498511854,42.35800916082022,61.78942305219448,12.378556277248425,-16.00073575648541,26.22947490672573,13.755431335590051,89.67729025024704,99.06171297425732,51.26407328763948,25.612865075571527,77.29892628813744,33.2202235166775,84.16586853315461,0,0,0,2050-01-01 00:00:00,No Failure,0,0
VEH0043,Hyundai,2023-01-01 06:36:00,94381.58118770488,90.8312795333107,2782.3647733990283,23.135206609867133,91.2859905584743,94.61691444499952,9.981465477915949,19.914085196438013,18.23682772554557,21.710745175644647,390.084533321484,1.5924555101779712,4266.77702677603,1079.3783220470875,7.497555582375226,66.77283205875784,1,94.12012792466918,114.9688188509591,72.26024970314717,40.6480303185083,61.70375218034535,13.788975069181154,4.713324596109368,21.36298033259623,14.59400307867895,65.4315556494991,93.60373503656888,38.808568198572274,30.47985391393772,63.06143711895447,28.251049637474868,78.62344386961668,0,0,0,2050-01-01 00:00:00,No Failure,0,0
VEH0024,Toyota,2023-01-01 11:36:00,56479.97855081264,96.1372344687358,3106.139976553588,40.61935801482375,93.60055813538298,60.23049490203025,5.437025269703343,6.105416015101511,22.41711493299323,52.092402469406686,140.04952920752703,1.5891362862910487,651.6709504601922,1017.3655981727736,8.379395610893033,150.39114063394044,0,14.331163670807278,45.35652472800829,148.88413093919755,54.43742184522792,27.409276392001978,12.469567385460048,42.98045846346121,22.76104498803245,13.83931329954375,69.10142684417363,91.51499917291622,125.97562686409633,38.984193059956965,47.94221416794276,28.40387740004834,83.7734681327237,0,0,0,2050-01-01 00:00:00,No Failure,0,0
VEH0031,Chevrolet,2023-01-01 02:05:00,58893.5841081148,96.51252481531544,2604.022785542341,45.780934857935485,90.03100631559637,73.18166077105413,2.845823233000245,65.15728469782152,10.37844947330058,31.517772333165684,280.39111992309125,1.8787031829570564,3231.303341760344,981.2631683158016,8.684648044750869,20.500019453558977,0,83.45987006764524,57.81112341052161,86.35528881801388,38.52588950514955,52.40403487603194,13.247957986254498,-7.683180401563806,15.501995999982704,14.29527762054438,99.76828106305769,91.75731443812408,178.49717878092247,34.50828156073871,58.486792773356,31.65036749715082,84.36702988276296,0,0,0,2050-01-01 00:00:00,No Failure,0,0
VEH0012,Nissan,2023-01-01 07:12:00,43635.58795470885,98.84797886689236,2279.3270069883324,43.31345544476615,94.22232503123053,13.159218102825566,8.36853668081752,53.48250000184251,3.3592773743169038,78.43293319173324,83.96272938600185,0.9651301349010164,2496.837057182157,953.6186627227942,7.407398056367621,49.4910767770744,0,47.09749783197324,66.16923824910586,26.63205903951775,62.95538522657001,55.47041152583171,12.568506646426284,23.164539891908724,20.00038637453114,14.20592759421272,55.61251731173225,91.62800369319208,73.08494601535853,8.725177230445912,55.10101032587231,29.14736790003084,83.61910866939137,0,0,0,2050-01-01 00:00:00,No Failure,0,0
VEH0036,Kia,2023-01-01 04:32:00,17983.215499546714,95.13994180814906,2919.6879132526883,53.250824996931065,86.9792028824061,5.500958396409028,5.367465116267745,57.9252993653128,41.83790609909572,19.34080141708725,572.7311275118216,1.3449419611520943,3059.446188725941,1001.6197642783592,7.452474118591705,49.776891149227566,0,23.85082037743187,82.36662707079492,34.09272916766794,61.72043945252391,35.69827269019187,11.92086009609952,3.453447535961004,21.2233863402488,14.465651297096736,86.86395063017846,94.00533531523048,14.676658797988878,16.83126004029903,61.410049471204985,32.500025116184425,75.31045124589036,0,0,0,2050-01-01 00:00:00,No Failure,0,0
VEH0023,Audi,2023-01-01 02:51:00,42610.9601851698,86.81610328997861,2455.8035672878705,42.73099752816579,88.79410763928782,84.55402452948725,4.7802534250535125,4.328861095665204,31.36621164247295,38.13532173455658,304.34050607261315,0.9405641836364104,2806.052624109127,1058.1827376343554,6.801292611784991,7.593356873923213,0,38.99243033931015,51.64036538724238,32.22086006380587,77.9880933001091,77.93926413987435,13.137359409495138,17.013226156570767,28.50350797993054,14.249203027333682,66.20328566960026,90.98619076097155,95.58663452223313,27.1594103140516,52.479059800841625,33.01620879263099,83.63274951501171,0,0,0,2050-01-01 00:00:00,No Failure,0,0
VEH0032,Chevrolet,2023-01-01 01:28:00,13770.08041888722,101.76829955131988,2557.0303442036266,55.70408380811841,86.20896376044013,6.186855490930155,5.876719820459092,44.91570848061782,13.824404744239732,60.17281043034099,230.8387855010617,0.8540283461615921,659.0467687889565,1008.3365695873528,6.191155129974899,-16.267637926529645,0,36.33027684331708,95.31148071605986,36.2875003150276,7.723859310023123,114.8728509259991,11.828610770204795,-1.929627000145944,18.30725537886156,14.385406511718596,42.52816275605102,94.1592057832653,21.914442511057,43.555628902283615,76.48966431066373,33.16931637776669,82.51146862815511,0,0,0,2050-01-01 00:00:00,No Failure,0,0
VEH0006,Ford,2023-01-01 01:44:00,79590.57188704201,88.01993010513935,3812.176235489009,35.03532150047122,93.824932556694,53.37316358366221,1.896174565237396,28.742182553409,22.983851202725937,17.923589548238958,447.4525615634405,2.009891181411543,1119.5497252959642,1073.334831944775,8.969804436821665,-10.83876189668527,0,67.44400103753203,85.42825582013401,81.3584198070474,124.18521692252848,-32.092067650029094,12.608003580260135,20.337084815553084,26.139546350699696,14.09827289495013,65.56922112772101,90.2882447956988,119.98971811628265,16.72853585692952,43.93106181870279,33.21059459195686,83.37322033962654,0,0,0,2050-01-01 00:00:00,No Failure,0,0
VEH0016,BMW,2023-01-01 12:21:00,74407.36168204788,92.06110669640364,1674.9914799111432,27.78992220081097,88.47034442746684,93.721859681437,2.500280187595925,35.30787372175253,0.0,63.03268717823947,33.13446467255915,2.32729632731046,3407.3225057406084,1032.3350822228622,8.945892234977022,75.60137745294077,0,19.52075208603802,77.73585521604173,38.2191141612356,45.73886980627352,67.80583708038412,12.539934819525625,6.138581219571423,23.241705422354613,14.08759438747765,73.12462149379363,94.78848354081344,39.71898066428104,22.600461995185103,42.91260067480222,34.57572680327021,84.95372018429676,0,0,0,2050-01-01 00:00:00,No Failure,0,0
VEH0017,Toyota,2023-01-01 10:48:00,14161.056660922168,89.10224969772662,3785.969119175993,23.957766208791227,84.59677733689472,96.30873584411763,5.783113933099328,71.62681313606652,33.4662712017434,32.70783967745765,312.62277301904567,1.2116366500457292,2078.9864441121254,1028.075920067026,9.60806224476976,14.95331302308739,0,85.84831707564197,43.9144766516754,70.10787360657719,18.378585413732644,44.166803474393866,13.785319883262805,26.86351249631004,25.130989571924992,14.65641658903645,53.69698555633673,99.09953212580884,38.318082892073946,30.07446133445683,40.89472880998781,30.797325498294047,78.84306916030643,0,0,0,2050-01-01 00:00:00,No Failure,0,0
VEH0010,Mercedes-Benz,2023-01-01 12:39:00,23193.892888086088,94.21877696191387,2423.2238557451305,41.01704316460039,83.90972134995378,24.78698940227243,4.363958699142179,66.24773054734848,37.324625417933085,8.79887044044969,344.46159275982353,1.0033609422486205,4176.573804658878,1057.6657211862344,8.279788831657257,176.36130108353245,1,40.41616009058306,35.855758841515005,-47.9582064081134,76.04183697080187,70.95778081187035,12.896410114427312,15.876899583936876,27.847662664278527,14.516723558550632,92.80512907473312,95.06415869101876,78.21355491913886,44.28230832631328,95.66418835353385,31.186187931239523,83.51003890820343,0,0,0,2050-01-01 00:00:00,No Failure,0,0
VEH0042,Toyota,2023-01-01 03:30:00,31132.76859930697,91.0601380636486,2013.055586317818,64.94828259271657,92.03466528216283,71.52822791378979,8.832461712132805,88.27262149185796,0.2461286055973488,59.26766140339472,89.10381673273707,1.158414157402159,2390.3292638905973,1030.91520250272,8.333319267945168,55.26998695428817,0,2.0804851626548326,17.337733827906916,86.66773457319324,51.922229746253,24.860526973608813,12.736823410272793,6.47484901094187,21.555316703242177,13.992237221634646,43.80234908416352,90.57827264743376,87.00483418073814,13.852634455378926,71.06146877550137,32.87960654318836,82.94741016417981,0,0,0,2050-01-01 00:00:00,No Failure,0,0
VEH0027,Mercedes-Benz,2023-01-01 14:00:00,87336.52122249921,90.42007239776603,2670.24235002535,63.76880925619493,90.9492056893123,98.2991010687991,5.686124386142555,56.58399470465831,53.32271051695968,48.99664071295579,289.9878130110602,1.8371568159034384,1732.416935512162,1046.9243489483829,7.982336443645014,120.10652182954064,0,20.50789674940772,24.945067333229247,70.11482381440398,89.76251788662793,36.9184462742242,12.921815967642551,34.29549347038771,20.65342249022984,14.483963934338526,79.797876861469,95.80341699474153,69.33567012102307,39.64534353107727,42.78005741539848,31.134358419543396,83.93420531346314,0,0,0,2050-01-01 00:00:00,No Failure,0,0
VEH0029,Chevrolet,2023-01-01 02:00:00,59590.66184426331,100.84267853257874,1632.9356388787128,61.91970121457868,85.21514486623013,58.03973405388122,2.9543571749504727,39.16892807020479,16.142993240540275,68.62721704947225,532.6393114870857,2.403569033438136,4544.924366209008,1046.541080072559,9.306465808137414,79.63439244993862,0,36.596294895339575,35.87351584290708,93.18425148519655,82.45452993149344,80.28604789525943,13.142921789923454,16.02432059846864,24.113241693531688,13.953842226665415,81.0487534714373,91.4794311723644,109.72839601936823,32.00267254926856,66.15855283935359,29.14016137424283,83.63992966906817,0,0,0,2050-01-01 00:00:00,No Failure,0,0
VEH0039,Kia,2023-01-01 09:27:00,24253.11527232912,98.30629448782986,2613.478964482837,46.72806402118032,90.3931789892851,53.01137174645869,10.05914256905868,38.03136516217575,24.42411412025557,70.89297320061006,772.6299679862832,2.184701755514632,825.1958517558221,974.7867536908768,8.6317113507335,82.05584076348474,0,43.70754661723264,94.74300971664223,34.88247535173252,36.31115344961219,69.8527633771967,13.122797633936122,-37.86680206310778,28.13002131096645,13.848171664930348,74.01347193832814,92.7720311134454,65.47422365975754,37.61046707536138,62.84735451323888,31.83410970425371,77.39676193879623,0,0,0,2050-01-01 00:00:00,No Failure,0,0
VEH0043,Hyundai,2023-01-01 15:45:00,94579.5152548327,93.98077683815742,2655.249333241613,32.99154635060849,89.3963543825516,98.78350512399348,11.127501774288952,38.05557358129575,30.63467919744988,60.16147493691875,396.41014866619327,1.5539511036237164,4268.7453064888505,944.1527014521524,7.444100105828021,30.02624313779642,0,44.986509298199806,81.11495540308456,51.27933083819496,53.99482462611936,71.12156618537762,12.374778378334902,-15.719472311916665,16.326587325625336,14.525097434070007,94.95556517749424,93.57507143281542,76.39159414757847,22.829993515850557,65.71633454130416,32.16383465272556,79.95114466231824,0,0,0,2050-01-01 00:00:00,No Failure,0,0
VEH0005,Audi,2023-01-01 14:10:00,56059.99224896423,97.1461788166315,2203.948413581299,62.20112691592617,87.61446470868538,59.78026017246749,3.7753913077780137,28.208076575231438,29.45984360357731,14.817956740581993,557.4045614485012,1.7585661853960644,1523.945527234348,947.9435810542622,8.941990212018089,137.35695316970904,0,28.206442488775373,81.17575908882608,108.43074662850316,42.12103160469886,35.803804145620184,12.892569978470606,24.987711214797045,22.842529343583465,14.317459903085608,50.99675205810227,98.910084228977,41.21874135622419,30.49202604767664,40.58285873499089,30.672730967683616,76.6170450242615,0,0,0,2050-01-01 00:00:00,No Failure,0,0
VEH0047,BMW,2023-01-01 02:34:00,85792.06446871659,96.75551056316826,3574.5652651335554,38.95150526824495,92.81200090916896,23.775162433708573,8.638507653669539,74.48366618134628,12.996028741271534,29.48962160648763,688.0842277776117,2.0505592866899365,1835.673077948612,967.5627512812812,6.302157765570144,52.6301059513162,0,76.20944300697428,30.59196288560276,160.80288349794458,33.43883791313993,101.65252500668804,12.150425577809306,29.299337538831733,22.601817738536493,14.419818481992817,72.60169987760213,94.91346467619309,123.60346035075906,22.020924641801155,60.92854265326167,29.23646403163297,84.47909363288635,0,0,0,2050-01-01 00:00:00,No Failure,0,0
VEH0022,Ford,2023-01-01 11:33:00,75913.56438764138,96.97683868599216,700.0,39.62530067184068,85.43224690277584,1.7213958535606255,5.989147594842577,27.76683538531209,29.407003190298315,43.905155407206735,124.92595047662157,1.3707780235223224,3960.673595542403,1114.18363722178,9.321352256475832,-26.49428565840047,0,44.32296794128594,118.48911888092113,90.87349520371669,67.62475351777829,84.35844513476454,12.351605458180424,7.917037789191541,21.870905366262637,14.659790512579946,60.072657286444006,93.58990938886949,88.13291601115003,31.931749579185198,58.78948998534158,29.61305931269941,79.28401473245823,0,0,0,2050-01-01 00:00:00,No Failure,0,0
VEH0020,Audi,2023-01-01 00:35:00,97900.88819451704,96.90350294772016,2052.292370783791,43.585661217209896,87.699460856521,54.81393630530971,0.3890657438598186,19.729163485881816,0.0,68.29645735214828,406.0853253917106,2.0793630194597736,833.283111919112,1053.2335266729478,7.529132195375024,97.3264720607378,0,48.59859065049565,69.44601026308074,53.34681800629074,50.7362688724185,78.33906521548293,13.020447219738983,11.54453169412136,26.76576782237679,14.562732136835365,63.08075235752701,98.4712642455027,44.15544433750132,15.936374188662407,75.75132436896048,30.590134632405466,79.51247188121137,0,0,0,2050-01-01 00:00:00,No Failure,0,0
VEH0000,BMW,2023-01-01 01:12:00,31563.621499185363,105.46531237980588,1034.8959736345723,37.28125077075677,85.18948934488911,80.15403887103238,4.329063312370847,36.07967747311983,40.69467683074461,28.69119283413706,95.65869889222648,2.401856558221982,1092.7670711696724,1035.860891099883,7.702459793784875,107.4336055852716,1,57.7686378319555,106.9500511374756,64.30041793880903,58.22769818407175,20.835755975986046,13.189686680713448,-38.37557478119358,23.086666117447106,14.021528769539415,86.17192843955786,90.8044841479273,62.44846362497369,20.28154829191364,67.63004045835459,34.38606270699021,76.16459043164384,0,0,0,2050-01-01 00:00:00,No Failure,0,0
VEH0018,Audi,2023-01-02 03:12:00,87099.70771427768,94.26002722247064,2348.86744546974,47.132643072171184,90.74016994552473,69.75111997877639,5.011921398248802,64.94877005827361,0.0,58.722456730783016,342.2386710669688,1.2977513640588725,3858.9521078606713,976.1992520378676,7.145795152766666,205.77978890117927,0,1.4169712150692515,96.24618315208352,22.77584205119679,84.54214594812925,-3.66673161099105,12.390676408443536,51.020250137816944,30.208466320783156,13.918480112376448,57.432609459113976,95.991188055014,96.8512650167873,25.07053791362015,70.15301519447647,34.59543389197808,83.43549683301335,0,0,0,2050-01-01 00:00:00,No Failure,0,0
VEH0005,Audi,2023-01-01 12:36:00,56311.477812033656,90.82444094910052,1892.8786185148829,47.45647823131682,90.4365645339105,93.8596311870404,7.711590125736698,59.67571171670056,7.172098570687417,44.60025897938786,433.3069298453588,1.3251463209509815,1526.5630032431145,996.193134772105,8.89471712837138,48.46112946179953,0,73.32308783849875,108.56174754212026,98.3639262627566,34.94697752137949,78.34436666952845,11.995455372286807,-0.8935977079337842,16.72420684925953,14.500942560046896,86.38069601405786,98.87358947561847,106.8695364277336,30.98490212984405,69.62610378230988,30.97121618979473,77.09055393325869,0,0,0,2050-01-01 00:00:00,No Failure,0,0
VEH0010,Mercedes-Benz,2023-01-01 11:54:00,22886.44610145472,93.85536638409754,2396.5814856804286,44.98422195929043,91.15997601487972,29.039846245445112,2.3377391532131835,6.316549385603615,12.888073720878468,38.82760796898352,313.95774155388096,1.3575334916382835,4173.900297561288,1045.226149689761,8.333208712844012,40.77649768723572,0,26.173149408665964,10.56257238283741,-10.168256348977138,13.936622982950167,93.95956897088048,13.716121655698409,11.1283698342926,25.262085584771203,14.37634402032227,93.12313180378868,95.08828643126448,77.42783477792281,58.68267037833772,42.12992675819564,33.40582375846211,78.1657062683025,0,0,0,2050-01-01 00:00:00,No Failure,0,0
VEH0010,Mercedes-Benz,2023-01-01 01:08:00,22633.0538902271,104.02140379060276,1695.955008172485,38.54199206187242,81.40320974498579,90.81189978697188,5.876400402583213,56.29172669989991,21.53852323975661,40.24321832844545,500.74439132630414,1.7873553844461147,4170.837299678748,921.7792708038284,8.38882961654054,41.06277269170647,0,94.34071559993616,67.89398379050756,78.13138396731563,79.74085824371078,60.03546468497737,11.880717238214196,21.61347771048343,15.15046026080644,14.834446957240315,52.89821714421685,95.117185015555,57.93999552873901,33.153993354601766,55.81860933410379,28.60134436570417,76.67163535871248,0,0,0,2050-01-01 00:00:00,No Failure,0,0
VEH0014,Hyundai,2023-01-01 16:26:00,37629.92747667748,103.095237161864,700.0,47.12043342788279,89.24790207481624,59.76022145602163,7.178852437581838,7.516175522285856,15.328823561564594,57.3752207096406,480.0061788633607,0.5810262129970104,1531.5450894470318,864.1851695558487,7.081928981397544,125.5784113965098,0,36.78998181341555,98.84231925367176,46.09016732584893,13.06017204041352,90.39844001361382,12.084673522361305,-34.16880180074173,23.209074102905024,14.009326839668416,92.52545112046552,97.1695559770432,32.05766263698494,25.049667779098847,41.90006381694707,33.601960415190966,82.80885081004446,0,0,0,2050-01-01 00:00:00,No Failure,0,0
VEH0033,Honda,2023-01-01 05:00:00,34757.42508132421,86.17497853590635,3117.5409052664454,34.320643315393966,87.61378665322384,58.75920868052334,3.173603980292561,26.563018467855567,12.978327077033091,49.62945613267659,581.49577779506,1.7266567288927253,3773.700149878863,951.3117584167584,7.872667484295948,-9.19015048108264,0,38.88891813485136,97.86910487252293,20.38302708345482,88.000832013947,65.96345491638719,12.748341624655794,23.07630610953279,23.50878549306436,14.076697192615509,88.07328461799374,97.8883402903758,64.68025298867474,6.701156697454774,73.64755700110459,29.81598478781257,80.6363642516644,0,0,0,2050-01-01 00:00:00,No Failure,0,0
VEH0016,BMW,2023-01-01 11:44:00,74953.6016704294,84.27749068041875,1741.3080940617904,37.2888124282898,93.6106838447358,47.38826667006423,2.073477573047842,0.0,4.203028338504954,74.02329826737662,575.5786558266624,2.248041604975178,3412.3944324363806,1021.8891705997696,8.841170209290686,119.85493561804115,0,98.57993446919416,79.36602999882012,33.625665168365494,36.992900092814985,108.2736849896225,11.823862417797436,14.01973227686572,21.46584089641142,13.93673034610238,63.65084608068054,94.73194185115284,83.9799148847853,25.254298070449043,76.2860988113797,28.489278471106505,83.1684907504587,0,0,0,2050-01-01 00:00:00,No Failure,0,0
VEH0047,BMW,2023-01-01 14:06:00,85719.50487132145,87.91466589984503,2571.581938300669,57.44825100914901,85.93423038645011,2.320511298685035,2.233817094706395,35.26163176515457,21.957708503465085,41.10613551858618,501.7961077461125,2.6173889722869523,1835.086234381,935.4463763041072,6.328564436750224,137.04097376955107,0,31.059666223637915,46.6172166401389,109.48256101627484,42.03394286265544,96.13600629545562,12.52582546547871,16.399504179510416,25.52689454338847,13.826930970883764,72.94777163081731,94.92676392963251,125.31760385499702,22.647516757862917,73.83301114624349,29.04353036766385,76.19893219703219,0,0,0,2050-01-01 00:00:00,No Failure,0,0
VEH0013,Kia,2023-01-01 08:48:00,87323.75555035209,98.37048167162084,2144.7912390955908,38.296251396096594,88.34848091961118,49.02036476123467,0.4682968834327026,50.16633163011097,21.013071684269946,78.5920338854222,677.7943184770331,1.691984536263548,4953.040823605107,1053.9988631208555,6.874985367893964,102.41072576271758,0,19.5118864287969,54.58638341680941,80.75995364429335,5.916756707095345,68.33286829575512,12.34616141354875,23.802088414988518,22.305814656955015,14.396952896270449,83.4429079875769,95.47354025122692,61.19029610378642,39.38839560874478,63.51684567462675,29.41991066891192,83.66574502066192,0,0,0,2050-01-01 00:00:00,No Failure,0,0
VEH0005,Audi,2023-01-01 02:13:00,56080.79791223241,94.55796056650875,2114.719607571996,40.50218020419558,89.12735511181907,68.50328537575515,4.703267632617594,24.275138478721644,42.47654108050233,55.92268483171155,355.0310811701311,1.0828688512448883,1524.3962148574385,947.0220863619122,8.932625362697129,39.05144558679871,0,81.349503352255,57.55845032673473,63.35381578937659,43.07371765614428,71.78721468317313,12.980773293552,-5.138324633572369,31.84372005762773,13.834407563758177,79.98521687356715,98.90031673344998,134.24719322128635,25.891834999331092,69.80132616293469,28.72803236109397,84.48034725379115,0,0,0,2050-01-01 00:00:00,No Failure,0,0
VEH0010,Mercedes-Benz,2023-01-01 05:23:00,22978.741075229125,94.12133079977217,1748.8761882735328,45.13634807735367,91.92930957421387,49.02663409634448,3.022501080314086,4.655309797552093,38.79533040328501,41.94247543228771,297.40102316797675,1.8346048343922636,4174.978054198302,1167.9657722746574,8.31746468577296,134.36814527185663,0,79.28576281972384,29.125974273585577,106.65533844399124,70.25475207373397,77.64989532075622,13.106002832028953,25.66368162668365,25.050253749006515,13.92701851826688,76.7758346502369,95.07979542434818,0.0,33.36641671810257,54.857053492405605,31.39599834263307,81.9643058759887,0,0,0,2050-01-01 00:00:00,No Failure,0,0
VEH0019,Toyota,2023-01-01 13:12:00,60250.502550442856,97.53218882290322,2293.209957329208,35.301788593502145,93.4256075966932,90.55194346687529,0.6622446423226256,63.85783922814167,31.77504205993522,43.39806827927452,432.8568519162523,2.443588089505736,1984.4864869817368,884.5973156174399,9.331158443461804,36.043315711133936,0,84.71503160030602,72.6506180292553,75.39829898926547,18.537709590732582,98.99307771953544,12.424593023925688,-2.952934317383873,24.179071168486765,14.19543608628223,97.30662005045816,97.08688265102651,94.30364386437915,18.721768663624925,50.21239200602378,34.668727119359026,77.25107031009297,0,0,0,2050-01-01 00:00:00,No Failure,0,0
VEH0035,Chevrolet,2023-01-01 13:00:00,78126.55446644727,89.7646210876215,1844.2272733928485,50.04389672200683,85.58573089590274,55.44119698011,6.327551923831742,24.520030282951097,16.620067010347306,9.439740880364283,324.59239348309666,0.8129277050404831,902.6016120609278,902.6823967527978,9.015694400141202,38.05036796694216,0,70.33560619277807,71.87116784609064,2.51569157017704,20.839574158268512,70.53187128656268,13.488547871599309,-33.58525382595459,21.867162837575385,14.266627910916034,64.77256463773215,91.05215522044844,115.26302084473784,23.68863830926327,62.70690959758433,32.89347752169873,78.95216423051536,0,0,0,2050-01-01 00:00:00,No Failure,0,0
VEH0018,Audi,2023-01-01 03:09:00,86486.50477563018,97.81736508271068,3557.4821706215557,35.697191107062594,85.03385031509089,30.413201819958505,2.431126800478419,15.699724999578796,19.028232652823547,21.892374038100147,461.057176204432,1.9062273032830528,3853.391026624976,961.627828436566,7.284423299652198,36.294930481326894,0,22.079466875312924,8.22335415316924,2.91940409278584,64.67453211629278,41.07192664964032,13.918616934104708,16.10729370118647,23.93725839164704,14.237302564121505,79.3223409341988,96.05921515295418,0.0,29.611288764073517,57.84816511440166,31.606207514736223,81.45709425202743,0,0,0,2050-01-01 00:00:00,No Failure,0,0
VEH0039,Kia,2023-01-01 12:08:00,23855.22095095136,97.20351515228822,2882.4180279139737,46.21444029890603,91.28202737638232,62.49355399225019,0.5676517828010681,6.551234111117886,47.15301088315945,56.31836179881771,294.7007114639367,1.7161578551013292,821.9022708878795,943.5104875275724,8.731272528000185,72.14954139864211,1,2.040330722810779,45.28847275560027,69.72278926718269,94.58355300588856,76.74579168767457,13.797550485779515,7.068189541177746,33.008197920546,14.130433425204934,46.52193055504923,92.81817309660876,34.23891648096248,34.90178989576111,65.14376076803528,33.34960140929501,81.71512653039461,0,0,0,2050-01-01 00:00:00,No Failure,0,0
VEH0032,Chevrolet,2023-01-01 02:33:00,13870.256481968696,96.91547332077968,3185.7817070978053,35.1815371574349,89.8363530198234,14.550413471576263,0.0,42.49082714718745,14.763280798425685,54.08466298518493,427.6913754830783,2.1874942723501825,660.9499362354501,956.7141336576996,6.158178582822061,22.73164237829453,0,77.82943652800707,50.54554435068063,83.05314862221334,31.62737540494338,55.7965046662502,11.256198708316807,-18.94331450373488,17.935911920668545,14.195458042571756,73.05875764318156,94.14429583793464,76.72142750316232,14.79914044987509,63.93974862404439,31.06866866213477,79.47011200998583,0,0,0,2050-01-01 00:00:00,No Failure,0,0
VEH0021,Mercedes-Benz,2023-01-01 06:17:00,76230.14730803591,106.1357664393522,1816.7172236357017,26.41299782708478,87.80085150126467,66.81893655180777,7.048164817320597,37.84217740767346,4.689770434342783,23.783278471046813,128.96347626062118,1.5371663902762112,1069.7131477681592,976.4315983850796,8.045014633107888,197.85331906571463,0,97.06512548445616,63.42983606659937,32.57022347291419,56.39148022316638,110.126854095859,12.68489702820478,29.124258296539928,31.965477587147436,14.5093781514358,67.28790471189775,92.98572804211756,43.00756760011622,20.362666340969994,66.2853402864652,31.964172865659197,76.998078200879,0,0,0,2050-01-01 00:00:00,No Failure,0,0
VEH0042,Toyota,2023-01-01 01:36:00,31226.661503098665,87.21069785454549,1879.9068055678888,62.66405443974941,91.499985054291,80.70392126289147,1.981403592522625,42.685068918094295,8.079441119892433,63.15282227925007,385.2396103684158,1.0127827098862647,2391.7288373786632,906.0480050589751,8.314353535552652,41.224450249239,0,52.01086052559422,41.131415072200966,48.52972932079884,73.84187882829514,54.45691938186234,12.682503978209544,10.62716632076232,40.13733032463698,14.277301912131248,67.14351047640278,90.56352648130095,15.4358962590903,16.630782035028254,41.926272340556594,30.439376821042558,79.37749390044769,0,0,0,2050-01-01 00:00:00,No Failure,0,0
VEH0033,Honda,2023-01-01 08:15:00,34424.86320334413,93.71601603114296,1899.0955518504811,45.70035717558454,87.72731142915971,11.738497560487229,1.6827068063037087,30.34240633339356,10.34116248625318,53.4737882182862,212.3567897238544,1.1111055584127532,3770.961616106981,1017.3719352991416,7.932918313458498,67.79313946968786,0,47.89880051831816,139.39741736224673,122.92310271285842,8.422112830848775,4.304083672481653,12.40330700925458,50.82133379351785,23.083671108595407,13.950299449617532,76.22893327320818,97.92199713916293,105.38955150734888,19.35252638599465,49.34282878931742,34.98044537837521,75.042966679807,0,0,0,2050-01-01 00:00:00,No Failure,0,0
VEH0042,Toyota,2023-01-01 01:30:00,31154.95194379658,92.21665810977387,2468.8606798068176,42.50036264406157,89.57629607790687,5.110666113700946,5.687009716782565,34.646596148727,11.76937657718178,45.43896581709786,745.4175547617235,1.7363764501467869,2390.984203974351,942.4828467110174,8.328898765341604,69.99225013150951,0,44.5343437968713,96.90122504261468,98.87909099733176,54.48421455024484,56.75356858398067,12.370927770898213,9.74489848923792,27.743107592642477,14.014263788606913,86.75221812438555,90.57311968339668,53.19835031214271,39.03716862758167,38.9078657057473,31.105854734247902,78.89674100961558,0,0,0,2050-01-01 00:00:00,No Failure,0,0
VEH0043,Hyundai,2023-01-01 18:54:00,94487.6053800771,94.1940590998456,1940.5543291550991,60.71648319244572,92.02364756464614,71.172496043536,6.632136220550225,22.828499659545948,27.462297188002783,24.52783826991579,490.0584496065354,2.0620853392768383,4267.383567740565,938.7584707485406,7.484250853698104,149.43359104382574,0,62.020359126343806,35.196562685662656,39.12450981287651,54.39223312928054,27.113479067362924,12.221776477650293,14.385578586569856,23.909392524303737,14.774087193967016,69.46011959395656,93.59188926535067,4.846510758721024,31.50593013369045,55.21048759208078,28.472838857121538,80.65516737900853,0,0,0,2050-01-01 00:00:00,No Failure,0,0
VEH0046,Ford,2023-01-01 13:20:00,77406.66148975528,89.47136306749437,2544.514925708622,59.95608278117123,93.9501134511432,11.135444015367325,7.296879997749647,34.6150009099907,70.22037794886066,62.016950852243575,343.2987236902368,1.2588636805743338,3097.032352525708,904.1908486354034,7.234555561768045,89.44597094204705,0,58.55367286995112,20.065895970410324,110.0560130704064,100.92073825548242,48.5086862976211,13.340260754154473,-1.8478066516037208,23.155852853900377,14.60267584214618,57.68226479624092,94.89142627531382,16.399825993749133,25.4370398034391,59.4070663481281,33.00346919844246,78.58299069782409,0,0,0,2050-01-01 00:00:00,No Failure,0,0
VEH0036,Kia,2023-01-01 07:48:00,18554.49734758761,99.97032613094282,1779.9787011997178,58.30173117603382,87.95187658503234,54.58204441827772,7.179977679776561,34.07116735938368,49.87310993866676,21.23735123845181,295.83584313643155,1.018478838455806,3066.3109296412185,1071.4548167816486,7.329605221378684,33.98377819611947,0,39.41706311526433,44.706504120457566,89.13505523253463,48.4037415378195,16.54299940049213,13.30639737073054,31.74903005832316,30.284053152127285,14.749657405336867,69.41919997227478,93.93557303555436,121.3488929255602,19.66427236483164,76.44253662702451,34.42650069565831,76.74569154692324,0,0,0,2050-01-01 00:00:00,No Failure,0,0
VEH0043,Hyundai,2023-01-01 22:40:00,94786.30122747368,97.85508666117823,1445.6293260006548,47.54422239092944,87.85353504545834,95.07449061569297,5.502425884182303,20.9897015775879,28.958638610793496,64.77656056312156,665.3845306435514,1.4106636897322449,4270.575779163766,914.6175152999756,7.405583258180555,48.191990242215006,0,72.20004430032209,138.7021622518054,44.53790432165698,-10.061408229327512,29.87636136182527,12.67388796195449,-8.593452372100124,19.423396307213,14.202771064951383,97.66731479193196,93.55913868526214,69.25686009690553,43.27176676244535,58.11788142393144,29.65571283141888,77.30593776100727,0,0,0,2050-01-01 00:00:00,No Failure,0,0
VEH0008,Nissan,2023-01-01 01:48:00,99771.56772621656,97.15447458573766,2551.047155508201,34.88047643603095,90.87152612059258,16.757534079865867,4.943374561358654,9.504044376974914,38.70094214515468,74.86905465309133,173.27087365634316,1.890723300702628,882.6614608189575,1023.8865507246117,9.274301575821395,42.08601370908374,0,9.097315387570417,102.0391118934072,86.28216289879548,67.01640201611677,65.2189637744112,11.858298379720196,-39.25317644214955,26.65797229573838,13.883702301853068,65.31489596281871,92.79320365156087,31.115471898976597,27.101318277215988,42.58748205684474,28.90412519784589,77.49670042919826,0,0,0,2050-01-01 00:00:00,No Failure,0,0
VEH0007,Kia,2023-01-01 00:44:00,41480.66998554508,92.691680245987,3033.5888242294086,51.8540727783473,91.91946887313986,17.770248410049305,12.828555278220833,42.50071340259995,1.5926212868232523,38.172381598284126,391.8850825370093,0.495317966391442,1802.40470491106,917.8931133752508,6.599306406071777,114.45178163278176,0,77.83112983438257,89.48573215288154,46.343951577443086,76.76296601573252,75.87753987065031,12.984921558828848,32.0081413229716,32.46154183214075,14.445117205017532,56.507954544297846,91.980163648881,12.571856025330211,22.088488734711856,60.47522781780063,32.33726623440632,79.14110878369603,0,0,0,2050-01-01 00:00:00,No Failure,0,0
VEH0003,Mercedes-Benz,2023-01-02 02:36:00,45803.910004531,92.28247265569117,2249.5647173623643,48.255248802181406,94.01277578575504,65.75462301566436,5.121861127206159,52.96521165414671,53.72627134410149,54.2629618305609,568.2443710677906,1.018050644027547,2052.5937063116226,1122.1746013175105,5.947721295456795,132.76869731404236,1,38.55145896308591,48.26148800797383,71.54014661600303,62.15151167355823,102.50469855533215,13.101629533546149,29.947436123720323,16.573789308211886,14.301635453746878,60.4248000329619,91.27796381365766,132.29883887419706,29.23728368428045,20.725412480710496,33.7138580505022,75.54441358043559,0,0,0,2050-01-01 00:00:00,No Failure,0,0
VEH0044,Toyota,2023-01-01 01:24:00,63894.70008592327,93.56534218815573,2854.1591989589638,43.23233152762239,89.556233272588,8.355444289647052,2.457920902886833,18.108309804878488,15.24084767853421,71.93757095753955,332.5514599271109,1.5050187224506677,4005.5159510745175,1016.5482045554746,9.380819333491146,188.4638332699038,0,4.903756893109589,56.05485769763587,98.80910711951742,61.49711184583716,57.51058688225703,11.69572110058427,-8.164620899001772,20.07023832552006,13.623630883289913,46.056832716596645,94.91923042658642,18.5568247697028,29.152117525963625,61.73668492667593,29.720210883949573,81.49138289545418,0,0,0,2050-01-01 00:00:00,No Failure,0,0
VEH0020,Audi,2023-01-01 08:30:00,98063.0159156494,98.96146374361928,847.5157987393738,46.10994588622621,86.69093042450079,39.04786493748459,2.2819934883430117,44.51708996844943,9.839184672022206,59.44594575837557,266.9004445851232,2.0058970635812834,835.8708241254443,1058.3289011916129,7.463161790846157,62.300947459335866,0,87.94709015391545,71.3816136621215,42.35950368777095,106.32064123185474,38.94189225929067,12.61639829824001,16.290810274186427,25.42004336765682,14.641166695096462,82.40101013064492,98.44026050126789,146.93831433257725,14.10874064622118,57.94281673003765,34.526984957322846,81.88189010878962,0,0,0,2050-01-01 00:00:00,No Failure,0,0
VEH0012,Nissan,2023-01-01 05:00:00,43453.85590997496,87.11174209123683,2077.5861146026004,38.44278028775396,90.7399138681654,67.3522638830375,3.055250141272529,10.770050520431134,14.951959712035055,68.76172873519025,591.0059918000488,1.7423822391464638,2495.3938011405426,934.9050367205608,7.443123785659027,38.5501615803334,1,43.81815969160394,14.534824505812397,101.63318005240932,93.22689432300474,114.32428690032243,12.045405067978797,-24.79753546373428,27.549792272927075,14.326712740643387,67.36094030033654,91.6430344272968,130.66048761737187,38.78369169782808,82.0425192550062,34.59963284826645,84.11354147943581,0,0,0,2050-01-01 00:00:00,No Failure,0,0
VEH0008,Nissan,2023-01-01 20:16:00,100281.75383920933,95.97525875004392,1410.561688504608,42.10766970358668,85.93593806859641,54.40467187435446,11.238479655556628,32.84786256527255,55.508817979306045,69.46239557206366,365.4869693176233,1.3292371000738006,888.5710898165883,1088.6327459238144,9.178773828663072,61.37401482888454,0,47.63005230504636,98.97991190900356,16.792174541522456,61.04077898168275,41.07490775049092,12.490360738259346,31.128008375456805,29.194834471089543,13.946797461409195,82.58326379133192,92.73777568958772,55.171647131782784,19.77882319128209,32.622027102113606,33.04801724504048,84.3232191697995,0,0,0,2050-01-01 00:00:00,No Failure,0,0
VEH0033,Honda,2023-01-01 07:10:00,34473.70942571884,91.97162935222256,1317.6973417474617,52.8115197004544,90.7642603243203,58.86327263650439,3.827072270471733,69.2794502249271,30.732239118395132,77.11345955663215,401.4730495837075,1.5721797104652535,3771.029389267394,1035.1931542405823,7.930659724685269,26.971099790642853,0,56.98964305039309,61.39220007030686,129.07583318091162,60.98605415472462,55.595249629986455,11.680228899443907,-5.601081917084553,28.06172643477316,13.748398527590185,47.55255531178695,97.92060471397431,38.44265203333287,38.24462961094329,77.06034584792704,32.90051290146826,81.08342859499545,0,0,0,2050-01-01 00:00:00,No Failure,0,0
VEH0005,Audi,2023-01-01 05:48:00,55896.21591167961,89.55291827079016,1580.9581398254015,49.273294965359575,89.64601226253775,21.33665824128429,10.014749602009177,53.65872658315207,6.121657147576482,56.44400518870353,400.311149415865,1.7401213593713143,1523.0574816263588,1002.883847808068,8.976160443189354,122.3835122238832,0,96.4151039946323,75.99733565867191,68.67188742227503,23.03426522668177,71.52535298844674,12.408915869128604,27.9628856215513,23.78579956587445,14.32126607440446,58.29567454972925,98.92158624432288,132.17187062048265,23.84617228902006,59.06424013814213,33.173019736374776,79.7588863337612,0,0,0,2050-01-01 00:00:00,No Failure,0,0
VEH0012,Nissan,2023-01-01 02:00:00,43712.07462477995,97.08158115583194,3203.768418019643,43.3752622779426,87.93138814771457,59.52487431240241,9.708576175482776,51.17746770118347,33.151095528145525,70.69548098267094,374.14573901193984,1.7901235432321654,2497.9453324872184,782.7898065562699,7.394715996649349,65.04333841748158,0,67.67025526264854,69.24443295046494,73.51294119178321,72.10975631357978,96.11174849886618,12.205066293009878,17.902442205545242,19.22297194760148,14.23701326037161,79.83947276539604,91.61946424423228,93.67647089767271,23.9784332693032,36.84384710547984,34.37067909717609,78.87759233229727,0,0,0,2050-01-01 00:00:00,No Failure,0,0
VEH0015,Kia,2023-01-01 18:45:00,22089.727245736223,94.89799179822764,2042.9430671338555,55.19834670429504,91.6039718054351,46.19481986218531,11.296512017529018,50.09511000275351,17.071658645397896,63.49251872121545,678.7409254070624,1.242306211924312,3241.069858376399,1131.3974810068114,7.095377760695848,87.89011304710269,0,14.03025762855844,98.32540758077612,62.34792516557711,35.682383011899034,90.95219252626036,12.026102406113647,20.768065175331813,23.15389081428347,13.83053664363521,89.98946473301723,96.23244013744574,121.72374622561875,27.196364747390245,66.06909336291106,31.562089574224984,75.35791198491061,0,0,0,2050-01-01 00:00:00,No Failure,0,0
VEH0008,Nissan,2023-01-01 04:13:00,99721.72801693458,95.08156791844944,1551.684410939697,37.23734552385299,92.46089129773976,15.263497696939844,8.380074838216188,25.238536276052827,11.456352069037012,16.991396560044173,587.385663105411,1.56427557409503,882.2186369291442,618.7795814443089,9.2798812266067,331.3888080351054,0,45.22175675901272,31.97415032010823,36.141508474102594,115.66144415041748,106.9176951742308,12.62988213468166,17.645290233200747,27.082859178273257,14.002434637176757,75.439780797499,92.79522588212004,34.75744940004909,63.348461738928506,67.57057365618242,31.30781817160052,82.30733464308305,0,1,0,2023-01-05 04:13:00,Brake Pad Worn,1,1
VEH0013,Kia,2023-01-01 03:18:00,87378.84680431277,94.0449892776042,1058.2968363257787,41.04273165067518,87.89865948068145,22.10374300960956,4.821172134141886,40.834294917089245,35.583939976845954,56.94447324661392,471.5471167079843,1.7485933269420315,4953.833621326891,1122.5600918247358,6.857337139968558,39.25233113512217,0,1.077101568408112,49.373141499470144,44.15215373854707,30.024652584744384,67.25663494962122,12.406798177254982,-0.399508088599541,21.58767310849596,14.001755968985668,65.77326716913262,95.46830838646676,80.3713793429626,33.005388513946606,44.92064311675777,28.35012023747017,80.89848494663042,0,0,0,2050-01-01 00:00:00,No Failure,0,0
VEH0007,Kia,2023-01-01 04:32:00,41637.1889695271,87.44196674614302,2588.559722693185,45.73001452256685,90.87138447959384,68.17305475178033,4.627019990614168,21.942515577669887,12.187944407948205,40.00833587498988,516.9025041057207,1.2524545391556945,1803.7566439588231,971.8712379467892,6.566339318995557,95.09957868327044,0,86.52221687354876,71.08974844986454,49.95178554965021,84.67552514156637,33.203307906731126,12.404089056181304,6.0204329418413165,18.555332710532397,14.22801881184221,86.92973297966273,91.95744132352613,0.0,23.726706744813868,81.7915080543013,33.05865994735244,80.89115813568338,0,0,0,2050-01-01 00:00:00,No Failure,0,0
VEH0009,Kia,2023-01-02 05:20:00,81202.24485294282,91.52854977728344,3045.181391775121,34.022688051673015,87.16137120032556,43.690928857167485,1.9165063107631155,61.11883754261417,41.44846522703784,64.99099430603601,586.4146758927822,1.598901766504425,3059.8938520696097,925.5459239942184,7.763403115422663,103.35897111629426,1,73.2908749028098,94.74862240989783,41.703938846484185,65.16239935511416,47.05508596926748,13.098287385523404,24.40418674656577,23.45005006155316,13.861773834943603,93.45737163705644,91.27320950779426,41.65290831551383,43.91915324046353,80.34671859914047,28.3814372300577,81.73905579429136,0,0,0,2050-01-01 00:00:00,No Failure,0,0
VEH0037,Ford,2023-01-01 15:12:00,30654.37389274727,105.39625802655785,2350.202645837244,55.115406334843385,89.17563210223909,83.67761916428898,1.223827901599825,51.20741382598486,7.998789595947073,18.71110537111625,707.6010317588747,1.0219479875352984,2279.5752707316005,1071.1111927769266,7.892966004420794,153.58046455405875,0,73.7220005447323,50.107317241379455,44.53843236860285,64.65656446491083,81.03996551010799,12.190156332041765,-11.30107626096223,26.231389393143463,13.956948672331718,57.715157373262585,93.29396491560392,23.82397283641105,31.90069056225064,66.17349209583715,29.07367515259965,79.45050336238191,0,0,0,2050-01-01 00:00:00,No Failure,0,0
VEH0006,Ford,2023-01-01 01:44:00,79558.58133905478,97.96596001902616,1991.264674490262,29.0401864445623,91.0747148953859,33.59682547803897,5.3611945204385245,4.21728977941028,29.8968652956048,47.03359449447118,159.86736723133336,1.6826233303325655,1119.0379183139366,1195.2961106419675,8.979465995477803,63.94433075848136,0,27.998275608802448,35.73284993357039,80.34407838610137,77.68044823473177,26.21107145731861,13.117394919321889,20.04182470804764,26.008315600657465,14.759126908080008,62.55366368210203,90.29202312102674,91.42648141914248,35.09463239941127,56.97087381587356,29.62057151257665,78.16378414416307,0,0,0,2050-01-01 00:00:00,No Failure,0,0
VEH0032,Chevrolet,2023-01-01 06:43:00,14182.206676318978,94.40881886810894,1786.725885761743,43.66895840547839,89.8495172868285,19.59505918328357,8.0547246390271,55.73995674411496,30.37806389411211,30.19500717204321,452.3554774770516,1.3309701159351304,664.1407840418194,1025.7211523287776,6.084240166373201,80.34184029375105,0,98.99442785148966,18.911597630518976,26.74470200013826,10.74926464789774,54.82434454801445,12.080219686600438,14.017908464024808,21.831079758278104,14.329491690664748,43.71232488347981,94.10567392507647,36.72770136955442,32.658083447420374,63.02872901929495,28.413208778300795,77.11626859633645,0,0,0,2050-01-01 00:00:00,No Failure,0,0
VEH0043,Hyundai,2023-01-01 22:24:00,94625.9394775842,93.56480818051112,2132.0569479211763,29.32167196730248,97.39155906924628,37.09170816198251,0.7795574140276642,20.1450648185341,32.11747855169299,61.84115947978901,277.25688833168505,1.724547486776826,4268.91619494118,908.5458345818806,7.439385970394016,25.486419408987608,0,6.959641637280923,50.6685528390102,81.66188420301422,73.09972721202405,26.376669699467968,12.412844694799867,11.497758544517492,22.418100436028418,14.290065207276433,70.98821309028409,93.5728256441468,74.50125420541454,22.80635794827628,50.0782402130837,30.23848224348393,76.03330144865063,0,0,0,2050-01-01 00:00:00,No Failure,0,0
VEH0033,Honda,2023-01-01 13:53:00,34697.599871813945,90.86821607311892,1659.65499289621,48.87651862171577,90.93393845498584,42.11282570039619,6.0978864847371765,29.38288806950037,17.330659983939917,63.03068671251515,463.7174456850351,2.0915595870875068,3773.0262938381534,1055.0447732118382,7.888136053649678,96.94859194244329,0,62.70609331821569,-0.8978023152020498,74.05698911366724,65.37287520237167,61.61435744337858,11.889806811718676,3.5688664186416617,19.15199736021444,14.1214350305155,45.25837394601302,97.89926488964753,78.3187519153102,30.574670779518968,65.71423285273626,31.10163384108627,80.14546014431181,0,0,0,2050-01-01 00:00:00,No Failure,0,0
VEH0028,Hyundai,2023-01-01 11:00:00,46334.83875826103,100.90880654729264,2296.869702562766,48.54823254909322,95.01826253004398,52.4923637895211,3.362782936449708,24.151013319478512,17.830041615861887,57.30580770032152,494.6217636562574,1.3452080549813537,4718.9478353189725,797.9784657361257,8.729885385157393,83.13148689713195,0,53.78897689424576,83.02233299603348,27.579591299656165,29.87906892671863,112.890603654493,12.370904068903052,11.623795930896318,29.20991198507128,14.731962269716274,46.53123751836662,93.39696934566524,52.372189756467264,42.4469804124389,66.8692626298176,29.925636458910795,76.62406859190554,0,0,0,2050-01-01 00:00:00,No Failure,0,0
VEH0006,Ford,2023-01-01 20:48:00,80063.44650790756,99.40083596758464,1869.9848077979889,27.76114144241604,90.34651816390787,69.2025084431433,8.509902361102945,77.14421588405969,3.490609489726445,16.17861895613025,452.8040984464117,1.722090108545154,1125.7555030776143,1114.635343287169,8.837320699558614,1.95208904183454,0,59.49156634656993,59.21627156712863,51.59046127624877,14.473006347676945,-10.359733092813102,12.078589509465344,-21.60777188738319,34.63050455636656,14.066357236806876,57.33764630487351,90.2071578736425,88.87440903654333,22.666401094511578,65.10667305699711,32.4665334516271,78.86799899496533,0,0,0,2050-01-01 00:00:00,No Failure,0,0
VEH0036,Kia,2023-01-01 14:00:00,18143.857299776908,95.37696004346618,1815.8555053123105,38.87089223996846,93.7621822371085,13.043975825536492,7.084480136990639,30.73119144709306,35.860560892571755,35.42452030358585,572.5191975125487,1.5462289330242425,3061.9356012505173,983.3350693823188,7.423639828295726,46.255946044889285,1,21.867883990123005,63.44674484381624,35.28966422227198,47.89174951421301,38.91715512990068,12.651597396157127,15.06651219808119,26.95939196316616,13.639094599300323,48.70425725441815,93.9790628239265,99.35501792342792,27.36004242125826,61.8459727308647,32.6978483574081,75.40594557877537,0,0,0,2050-01-01 00:00:00,No Failure,0,0
VEH0017,Toyota,2023-01-01 03:50:00,14080.124900065848,95.37719597579236,1470.7871334050851,48.933263251792056,87.104833533909,71.2484817819674,5.796816143439624,40.12019533019253,24.23571403131677,44.36462805619067,253.96038694941765,2.1320683892063697,2076.681655579216,959.4505246866772,9.639610672056422,12.58488026551835,0,62.38253728615345,57.15361322775454,32.4516337194537,42.89025250791272,53.25535932876398,12.786749287110895,-3.342633775933903,36.96285805956559,14.259915101127376,41.91328604617333,99.1196877836684,27.230920972314838,39.23688914913798,51.28896154920076,32.43800764459942,81.42428805157566,0,0,0,2050-01-01 00:00:00,No Failure,0,0
VEH0038,Honda,2023-01-01 12:20:00,50055.90208947561,104.05121774527196,1358.8373668200757,52.46224327903752,92.21268545177392,65.05788307460487,5.146429086998541,61.57745998065455,22.353850910774284,69.40981016984144,636.0336267448498,2.0764974662302955,3851.272390572217,1020.2885090536108,8.103500417680593,138.00095856146166,1,41.56746994348918,76.30481275411452,55.92472253208005,42.30429354894784,43.14718122098026,12.66502960338604,11.110221122227948,26.99348702237178,13.721838013198576,67.65273501461346,94.46127033196215,60.23715308765307,30.57331949746143,49.477880050664425,30.74486546840861,75.3404897992517,0,0,0,2050-01-01 00:00:00,No Failure,0,0
VEH0048,Audi,2023-01-01 05:50:00,60327.48155800379,96.30143767526243,4128.37113566179,49.2294975773701,88.86721818442179,60.140758481609154,0.3182761150406286,36.43542915165609,23.90483848792136,78.19131963091795,688.7040781120163,1.0904093231803098,722.427078409853,1026.506692527002,7.8368756814553775,89.76358891217451,0,14.35198734440648,71.44573223324666,43.49677896047709,59.972013114030446,62.82344596146689,13.585270575611684,-4.445668007719348,26.55659176242387,13.921006557943306,52.15721800112041,96.4500623486718,99.79318911355162,21.39864685012248,85.5055017221415,29.787456961296087,82.08895365245615,0,0,0,2050-01-01 00:00:00,No Failure,0,0
VEH0019,Toyota,2023-01-01 05:40:00,60295.4091299091,99.1472182448152,2281.9471362315444,50.08567736751935,90.66463423389648,18.7395778286616,11.613009210585073,48.158601425794615,44.573826663020014,63.46593044345811,129.81111065534822,1.1972544082467933,1984.858488868224,1002.9524781527548,9.329855216665448,117.74988900827915,0,91.15622340935045,63.08188681020125,76.86182721533683,62.86985365854673,34.42627427651266,12.341876337109698,6.579413028237942,34.357002887853724,14.385677979844395,53.18026329230221,97.082319151859,8.739748029480793,41.40582127195104,50.79772330930729,28.604666935950185,78.84910251006589,0,0,0,2050-01-01 00:00:00,No Failure,0,0
VEH0038,Honda,2023-01-01 11:33:00,50083.687702271214,90.56135182053217,700.0,34.5305717848476,81.45651790448538,64.20248504637203,3.719285317519316,50.017259015033005,16.42529726760048,56.73263544134854,695.9215277333083,1.9492689657554625,3851.62994856858,994.9697586107936,8.098898178147026,40.647880656101904,0,93.50047825511548,62.63831305523517,90.17923974465876,119.203580947958,-9.036094427469225,13.066819174032496,9.310796476891968,30.51785182095145,14.303292415895449,60.44414063303952,94.45698766873362,84.87343541870561,32.228300771862266,64.58843173012416,31.98374937973253,77.97814810262153,0,0,0,2050-01-01 00:00:00,No Failure,0,0
VEH0046,Ford,2023-01-01 15:00:00,76927.40926198759,94.39237610963984,1974.995372611835,37.07646887730375,84.96717136895067,33.014307495622205,4.050284866055504,34.059223934819414,2.336307434224896,44.99826321917302,332.34067168271537,1.894807951019132,3093.3296466693573,1058.1968580286866,7.328278244135797,60.854183069504174,0,94.36892610677796,61.83849850650215,104.32905315076962,103.51218040278413,33.40741416463314,12.72670816216154,12.967630291528256,26.13013679276145,14.27501928147296,41.46457718193206,94.93976072989398,82.54631426409897,49.258783727745865,46.09442260923411,33.398653467733354,84.28756709694716,0,0,0,2050-01-01 00:00:00,No Failure,0,0
VEH0001,Honda,2023-01-01 02:15:00,39743.12676320849,105.45706061207903,4100.172824411302,36.39555863945359,97.41447180678158,3.1175334501629903,3.3241157856679,57.15904607302405,66.87097372478408,12.234727144646712,172.09198240400875,0.6102916742145712,4393.481949616532,1033.7609226465197,9.42726490024848,118.23974179317877,0,49.1951400800166,80.52583027878552,8.875755141565186,44.37712271851724,22.84563291549226,11.736531099755256,20.794088491813717,24.24144048132233,14.284324751920064,75.51445280786982,92.47284850807893,141.04081644732054,27.72186376376733,73.60422777136857,33.81431333676244,80.78929136279639,0,0,0,2050-01-01 00:00:00,No Failure,0,0
VEH0048,Audi,2023-01-01 01:54:00,60650.57963764626,97.87914244992643,2136.562199430188,56.78776907980613,88.23116540502302,40.295585677266224,7.416759197112612,45.7154332307843,12.79476139329499,61.62325709375828,328.31889645766563,1.8744668680842715,725.5585362904119,1052.5886352729567,7.768463039637814,39.22880175175409,0,46.56508732752881,58.8902145133709,78.82597945148345,83.99935127171646,89.71697656515309,10.951294014938767,-32.42035470734817,29.940377890893625,14.522872994476131,92.94782597969188,96.41355738763112,70.1584604354396,27.23643663412012,74.60135111271907,31.422218882804696,78.28204163123257,0,0,1,2023-01-06 01:54:00,Battery Dead,1,0
VEH0048,Audi,2023-01-01 04:00:00,60824.23337016263,100.98127239991264,1871.107723710443,29.14933881380359,84.18088156708176,75.44879305813203,6.796622354678317,59.80890158882639,15.36691237345364,40.08479986371368,508.0972366323976,2.211254206150664,728.9434447971357,923.1689834663672,7.709648136985547,54.57775993564839,0,16.873459610295704,46.42823684034296,20.286511598128016,31.31990416616496,28.33203978791638,12.924372964020904,-10.45910667054384,20.19037913037733,14.384280122099575,88.53951473951898,96.38400457075836,17.952479714303287,36.38910149336712,47.68461014669084,30.668432417081934,82.46610249594669,0,0,0,2050-01-01 00:00:00,No Failure,0,0
VEH0042,Toyota,2023-01-01 16:15:00,31465.364476408577,100.02311116592512,1413.169500137024,54.16309270805901,87.99149321365886,71.29983544373339,9.054744955869662,88.49584991614608,64.93267824674314,64.38836199981691,312.5068432309441,1.858459881678584,2395.9899629251527,1158.7531776835249,8.240253747693703,73.70959731949549,0,75.82934506566038,53.16401932282838,62.17327925535928,109.92961988210791,36.079215287095806,12.070750582101006,-28.84105924001872,15.598423948456574,13.80425826660268,60.03766528470624,90.51623041243896,58.30336542034415,31.126135313038635,62.39286030112687,33.81440860552331,77.72277484203697,0,0,0,2050-01-01 00:00:00,No Failure,0,0
VEH0004,BMW,2023-01-01 01:18:00,21127.778221180288,93.96751527920624,1492.4150358986844,52.76907328410045,91.28311304149685,95.26781155601488,1.6129282316053697,51.50771223603475,40.82672080393924,68.12782933093669,397.2723100789773,1.1442652067910832,4299.174650187521,1105.0959700982037,7.913600610567774,89.04767412832595,0,49.58645196999698,79.88377860595298,28.774913695103745,42.8568998202888,2.052015580334931,13.163118782957074,28.371922844852552,27.22097963896576,13.8245980021454,83.19977690055805,99.3638023980782,40.67292009180619,31.72784294126996,94.10538753699844,28.81899343475558,81.35607461576868,0,0,0,2050-01-01 00:00:00,No Failure,0,0
VEH0022,Ford,2023-01-01 17:44:00,75601.06087513293,84.59090302382597,1672.66906293258,51.56140683421109,86.57041776483294,11.570263461321051,2.721088957365571,45.48049532045968,18.94630487412774,91.4599594533717,356.40776838788776,2.0305665101013277,3957.240262582219,1085.678939391148,9.38481489634561,82.48308625876213,0,32.98641206637123,39.05965080305764,23.02550089575313,42.50621711939561,26.435717532755937,12.00590981830076,-15.929183617504378,19.82749821454333,13.768674670408997,79.93597766110719,93.63783116033544,96.10869510835516,26.355838961525887,33.7667246083201,33.39917156894431,79.66996037060362,0,0,0,2050-01-01 00:00:00,No Failure,0,0
VEH0017,Toyota,2023-01-01 06:14:00,14157.468919664749,97.42249375426312,2509.2713242605173,46.30296485437882,90.93711387276473,74.35259659250225,5.983001080995916,0.4316984211701964,24.576987008777373,45.44573446638394,686.8314797372261,1.4637630799365284,2078.58448198378,1295.2518123654647,9.6116649143191,41.47289837325654,0,28.935596872811157,69.55035174506642,65.75953857721446,69.63187611201234,5.483100120933642,12.175718498753454,-2.0719751796255625,27.804918558036555,14.649795083415905,99.8034314628182,99.10286266601987,0.0,26.66544052129056,80.92688095332096,31.175437945908644,79.05660574067923,0,0,0,2050-01-01 00:00:00,No Failure,0,0
VEH0020,Audi,2023-01-01 07:42:00,98682.02566221896,87.59800909463279,2666.9595024795462,47.9521137086683,92.0255804465406,11.41739658570673,7.763210754852645,63.614237347406416,29.03362583380791,76.21217463623678,393.2019955231897,1.2884446079222769,842.3043383550016,1082.8170427164885,7.303682568874042,69.5954823975705,0,62.45962697841826,113.383083210326,58.98758295747756,72.72902150686372,74.98185420824784,13.30936288704711,-1.0738437579401143,29.4565582245956,13.469561033362242,69.6229333578339,98.37123726996798,58.308772379570655,23.515251966666856,52.840283649733024,29.35771094738432,79.258089170742,0,0,0,2050-01-01 00:00:00,No Failure,0,0
VEH0005,Audi,2023-01-01 03:54:00,56078.79172082716,96.40089677113068,1226.3097946523812,49.33870219721111,96.2062779738004,14.149594574228274,3.781538623820546,31.4371195937314,33.68408047012909,44.13991136202511,112.4008579111316,2.310237395832752,1524.1706485337745,890.3258067369009,8.9356688784952,159.0042616209824,0,97.80682820317344,21.75851950193919,69.51190477446835,23.63447520036719,47.94764209534356,12.969077619826257,-13.94395296821617,26.38719338440885,14.052549850894854,89.86738413535545,98.90527616082824,50.49639025684576,40.17226590351397,81.77433566033243,28.11183024539561,79.0469850971796,0,0,0,2050-01-01 00:00:00,No Failure,0,0
VEH0033,Honda,2023-01-01 08:52:00,34925.50983764223,106.06489049139012,2964.97649362988,41.46782237913067,87.39753570609301,57.70239062807985,1.4610270198810469,41.26122442480327,40.452566272139805,49.24094471447805,629.9097516604095,0.972558397149151,3775.16880606614,1030.5148724660874,7.814569991221213,61.318986325750274,0,16.93874646688396,67.33955900736271,70.46393029269933,8.481999869552013,78.6555344994373,12.588317292731846,24.01259215338997,33.97008243212088,14.610824903029048,73.69447934099031,97.8628248766223,72.03867938079412,15.764294450283412,84.19475939325488,29.053827697403168,75.76238313297681,0,0,0,2050-01-01 00:00:00,No Failure,0,0
VEH0045,Toyota,2023-01-01 23:41:00,91065.02059738403,95.09807539028742,2687.860098817109,47.9659402949352,93.04241748440998,26.56782425186599,11.486305711523189,6.648359923041568,49.454082306574406,50.04399745836231,265.1055372466775,1.320036695126794,3097.756036438073,1106.5892789696236,9.623673491248224,52.98830189633789,0,90.47850149002718,14.587241895369909,52.70447183568057,70.77281671464428,19.30672837024852,13.60239336899367,12.171796705142633,12.659746807924376,13.737805205347405,93.98848329765758,91.89083823884124,89.24721686225544,33.544826591741675,54.90251421843793,34.26037971588079,80.82625204570734,0,0,0,2050-01-01 00:00:00,No Failure,0,0
VEH0015,Kia,2023-01-01 01:48:00,21552.94057268413,93.01219804794124,3212.3901405824568,59.91425641385516,86.24917780932451,20.53416755995666,6.325382398806706,58.975954161674906,53.34000576038795,57.63650231983237,410.7956617130142,1.4376915875159106,3235.700874311165,1006.7894476534248,7.233756840192501,99.56486873691196,0,42.05201930698907,95.10453626088818,97.17430670419004,58.07243902439353,52.20336560934433,12.9682950424331,30.53376812038083,25.00478784268366,14.014309869452998,85.75758600896472,96.30275863119655,27.280297537572626,40.22593107968261,44.67217535824155,34.9893739851992,81.14621058220017,0,0,0,2050-01-01 00:00:00,No Failure,0,0
VEH0046,Ford,2023-01-01 05:36:00,76434.66006680504,99.87094470128832,1421.687858831246,43.025708735458856,90.3391474282848,27.3015393589536,9.950078337502996,54.87832457261969,53.67578162920939,76.40428011926812,229.87095889750637,1.1476459448554257,3088.1621067585165,1117.8008761855544,7.430571723498827,78.98111484018537,0,66.78047256684818,63.74111469126783,106.0120329342212,95.97663821679852,20.17000649150981,12.096163196817797,-5.371646070240173,21.62554389155176,14.236537635734749,57.80441327584775,95.0052106934946,59.61478351752577,31.377555941513748,58.41716525469174,29.287233918026143,80.73694274459025,0,0,0,2050-01-01 00:00:00,No Failure,0,0
VEH0020,Audi,2023-01-01 03:04:00,97858.2542825479,87.3306035737377,3207.6355726966794,39.98704012742071,94.59758307482454,14.557306171780516,7.407983410992628,53.34245387176466,29.819330184369047,19.62404263503036,641.998187449113,1.0461704709173831,832.0427119284636,1065.375274732408,7.542428822917862,45.80142083595509,0,99.57342342376089,77.41579676848009,37.8643350220728,51.35871068183148,39.294182354090296,12.474144920834684,1.428225257364609,33.80732821623656,13.970408534683026,49.34743273626526,98.47972628659105,61.536536095342186,32.6189398841162,49.88953243944974,33.71921364065586,76.48215649373752,0,0,0,2050-01-01 00:00:00,No Failure,0,0
VEH0017,Toyota,2023-01-01 09:20:00,14202.370278643257,97.6350158123648,1594.995212556022,42.81121021327094,94.70176386674304,14.796986215534014,9.486815712294051,39.53369943164185,28.05585332398667,43.82085174165632,490.3563714773663,1.2774741391674729,2079.4955360864587,890.4944840557317,9.59994597716919,62.10879762571315,0,93.20923606341,102.24547454653182,79.88214940125215,38.08882213549407,81.68076576307782,12.304615181659493,21.72316076650152,20.55955796051764,14.32195251106142,89.54183148870489,99.09420454672468,20.936602957153816,21.03971049496964,85.50568194018189,31.18046859767225,83.02901186963453,0,0,0,2050-01-01 00:00:00,No Failure,0,0
VEH0045,Toyota,2023-01-01 02:32:00,90559.01457519442,93.5530384257603,1841.2041377026685,56.26153348102197,91.642837148317,25.079697790198875,0.0,72.74673104738659,0.0,35.89862091528845,283.00683598858075,1.6014337619966432,3093.937518697292,999.3658587923748,9.744334754130104,64.86064288099547,0,55.3566078467424,81.8574927645825,62.96330710538189,88.01343616872026,10.86542189562369,12.589740691184678,29.4661664232166,25.705377821046092,14.242303134745825,58.91326018515523,91.9509086335188,0.0,21.697776548363127,52.2805010366968,29.37440591932499,83.88061430249998,0,0,0,2050-01-01 00:00:00,No Failure,0,0
VEH0034,BMW,2023-01-01 02:12:00,41845.783613985805,84.98374866157658,2408.5730133218703,45.04805603828081,86.25220026382566,83.14272349935689,0.0,33.654823371563296,26.84710959843894,28.59983181382933,556.4852538465038,1.2374807594769,504.9005889777733,1001.8188760967232,9.257447996631068,89.70240216970741,0,78.68674414070144,15.753346140135449,73.15212070729044,80.75906662509321,82.37934167782981,13.516785172929698,10.82225785875016,29.32405896099753,13.684831642469254,64.70980732606152,94.38903484419464,97.9656175202933,9.809469910807064,47.59385813702604,34.00334080545459,82.22981509273362,0,0,0,2050-01-01 00:00:00,No Failure,0,0
VEH0003,Mercedes-Benz,2023-01-01 17:03:00,45998.05343117381,95.87159998349354,2824.041404108844,50.165697681655146,90.89272985326836,38.320553975070126,6.0503258070512125,54.885861211426594,35.00961818254248,29.71378348546262,559.2143036441801,1.7746840103424368,2054.203323731176,943.5550708088732,5.924878944970502,161.77089844579433,0,40.78684755557784,75.20528313238066,81.33794144067201,42.5834411181216,64.16946825194577,12.404771927502848,39.2413760442021,29.94019185163837,13.872125356247786,55.33894786151758,91.26227921827994,105.73998242457496,37.66244826734397,87.37058939983632,29.44030561062252,76.18028443414147,0,0,0,2050-01-01 00:00:00,No Failure,0,0
VEH0002,Honda,2023-01-01 12:00:00,56701.0963065384,94.89745685247496,1815.1759262334256,39.6009975250054,88.3634974914279,5.063393656509263,8.336289812475158,34.9635049209389,10.425504380010477,63.15595613362799,496.9800222956585,1.9396580181569016,889.1205341658605,1040.4466870533206,6.323700892515351,120.87390290629256,0,32.506933987331664,23.195912196559505,87.59584225365109,11.62105521816369,45.89049285263497,13.010723194950083,27.730950377205257,30.05250035668859,13.708344604601892,73.21850250864813,98.28915335179448,71.51024100046989,23.564284930234056,61.58951447765629,33.68231263011284,79.36723279990217,0,0,0,2050-01-01 00:00:00,No Failure,0,0
VEH0032,Chevrolet,2023-01-01 14:10:00,14277.780853377164,85.89324449499367,2420.1330948171244,42.44586903595447,92.47838994469494,89.52355498398889,3.0540124677057,10.533537921444296,33.36802059781741,42.56058909852182,485.7440576125568,1.7817719956121287,665.1703797366741,946.0000990072608,6.0663223824748735,110.68322448052156,0,62.15055734441977,99.8261279742864,6.996061392828075,75.95610818105686,76.11227891922874,13.031447678177503,-32.89844187634784,19.51989031155195,14.50271389979084,57.89957673264756,94.09500959399575,113.0778103486416,25.5468100132428,74.60985637371867,32.286319990855226,84.80525610911266,0,0,0,2050-01-01 00:00:00,No Failure,0,0
VEH0006,Ford,2023-01-01 13:40:00,79955.92287473567,95.1532324275731,1203.7368381209856,56.38762471073871,88.35770464923414,1.4180713624387442,0.0,75.50848046500926,26.949488281441347,42.67190190134008,507.4635662314296,1.9430515107211652,1123.9126607603143,1089.1304937957646,8.883533600705496,68.43641454356376,0,22.202742642124395,63.65623968085103,91.22697062799344,68.13303742355102,41.61358954498915,13.25246017621734,18.127939711883897,18.13411833824942,14.874952721663384,57.52277495067648,90.23310094001744,54.15013012971588,36.33147097472182,38.48066509483034,32.018938297898,81.12138163550276,0,0,0,2050-01-01 00:00:00,No Failure,0,0
VEH0039,Kia,2023-01-02 00:10:00,24172.99483786417,94.7173851712783,2044.3931760233,53.36053389862845,88.83197837166102,54.67981212515649,6.605841101891485,58.57730341641565,25.61952964364394,45.07420795878568,329.46928346560213,0.9536818349244186,824.7310021035087,1065.0034655890163,8.650437214115005,82.69151904297175,1,3.527216226389218,14.57233377206493,22.1531488408055,67.55215253800306,95.31350668575575,13.46992064925834,23.93489590383383,21.67084347580688,14.300681125391971,96.63296611395783,92.77610083604438,100.82689651548262,37.27267994247572,71.40389956700137,32.4495047119066,81.75924570612668,0,0,0,2050-01-01 00:00:00,No Failure,0,0
VEH0048,Audi,2023-01-01 16:15:00,60722.90107676282,91.82482374117656,1269.2084397390392,36.41606382100183,87.7336799398553,6.434529954879964,4.84684194488228,65.3286464512644,54.757706104542166,93.6500944026019,614.8958792864341,1.7629865341348463,727.2349184990447,979.9989203273842,7.740075113020473,188.0095273627508,0,12.956826552614745,20.85105604049155,97.02481839263947,47.66897206597908,100.23383864024512,11.455433041206254,8.024422104326375,30.82832964577404,14.064619564279496,53.12922927897967,96.3974146118836,8.073592433997518,36.528726862486856,54.33190874341169,34.709744913099094,79.78200418199236,0,0,0,2050-01-01 00:00:00,No Failure,0,0
VEH0047,BMW,2023-01-01 08:33:00,85761.66678190265,96.29020935524188,2946.943519468123,41.27802237673737,86.58222046057794,6.660179974770619,7.243434753975161,10.947144697184385,35.34365557934635,70.82229036135878,444.0056725679643,1.149025793570327,1835.1040318291468,846.7760140990789,6.318599685296722,74.73359048269383,0,21.91275575882671,65.44923468350208,35.72655311064952,25.054866610183183,54.27027122011899,12.75841441120239,0.8912303579670393,23.894535804439855,14.05300586792976,80.27033123447926,94.92466038530029,36.39645750070065,29.3143197302186,51.27636887199968,32.23424164096901,84.81043282034025,0,0,0,2050-01-01 00:00:00,No Failure,0,0
VEH0010,Mercedes-Benz,2023-01-01 01:21:00,22767.3817849062,97.81827418765342,2714.7505591369745,37.54732934091759,92.94557666752924,98.6637579506942,0.0,40.24630813836991,34.70976224523131,52.93638119718727,302.60532487896336,1.818112160044013,4172.289337086479,857.7418583569754,8.35759804989936,80.60653279588101,0,39.622569125326855,82.11845845193321,109.40902699278357,56.31852681407629,99.84080497312124,12.494864538047022,7.089056777877933,29.781786025666356,14.170749390194656,50.98757561135319,95.10688563670074,48.65546033293762,37.543386207497626,53.58298638226854,30.12199871484132,80.59851939162469,0,0,0,2050-01-01 00:00:00,No Failure,0,0
VEH0038,Honda,2023-01-02 14:30:00,50644.10857292242,96.54565559745456,3380.1504348841245,44.68807614743882,86.22176969986194,44.37764797429983,4.352553387377106,35.106396611505495,23.059934815566017,49.51507608248372,487.39289621807256,1.9814191628967577,3857.5571387537657,967.2793972128128,7.987908699066671,78.56953155365953,0,81.59730763227066,86.54505952692429,83.42985509789706,90.53974238033726,86.95232138430626,12.729693199919216,-13.28764488778166,23.16775711665451,14.499022645280032,55.38568597089893,94.39271795433082,39.08515516184072,36.4473768434988,74.03475076704163,33.49319000997294,83.19040474433358,0,0,0,2050-01-01 00:00:00,No Failure,0,0
VEH0046,Ford,2023-01-01 23:51:00,76960.86881239444,91.08400968181644,1877.2242794245108,51.86025116036605,85.16211594457319,34.46981702226207,7.055312964677518,24.03222616715409,13.427794556512971,63.9414910294926,397.327134206826,1.6143226672342017,3093.4968560956872,896.8419629035388,7.314722453515703,88.02840737923373,0,81.03515744533833,42.4510068365083,116.8404557668444,84.57824337333923,109.89643121917308,12.569088862216068,13.97094331580202,24.6492657799295,14.144847314043762,63.34594505829004,94.93594308489716,50.62234618357893,31.43577770384078,62.443430611444754,31.976063144021477,77.58813127593575,0,0,0,2050-01-01 00:00:00,No Failure,0,0
VEH0045,Toyota,2023-01-01 16:52:00,90922.8431043456,96.82470810805938,1910.761806733066,37.65025809755205,89.29010298905165,75.55404599449746,4.039604288117037,61.03015467407936,12.786082817877094,56.29253798547003,401.51427540234994,2.125326510758212,3096.6198003804734,1093.1608702461797,9.659791862145395,111.5844741288346,0,32.56866882485245,73.16414019245295,40.33318176320062,55.1969732663342,-26.07208489865674,13.501962967132402,14.498554102841856,26.899746245787387,13.72232328700279,56.83754715772973,91.91008498659276,0.0,41.83445627331977,76.668259298292,34.15335088637157,77.0964641992758,0,0,0,2050-01-01 00:00:00,No Failure,0,0
VEH0034,BMW,2023-01-01 01:45:00,41753.934782640354,93.21353410841716,3130.6999245038505,59.977647747598255,90.83288494047636,11.71776263839327,9.06677694017048,28.897727563790355,0.0,30.102047378331275,400.1145588580581,1.9885017096073136,504.14248755297257,978.815461734389,9.276475049657982,65.9138090265478,0,55.44767312186507,72.02327570270754,23.33446119583269,37.58616311598547,84.6411600312334,13.106130737721973,36.47009752067689,23.6415800181267,14.542573060362802,82.73105129195815,94.40154866390836,28.3524841790707,37.30117838076239,35.065112079251705,29.45750916343388,84.45364371669918,0,0,0,2050-01-01 00:00:00,No Failure,0,0
VEH0000,BMW,2023-01-02 10:32:00,32339.1170896434,99.48974885812348,700.0,54.84421974728033,92.06815478069676,72.43004527082581,3.740999674831432,40.05256335773299,32.04032821695213,45.58890631464619,503.72209154581526,1.482600559649068,1101.019710427309,953.3648793869942,7.533784054611235,63.78370933791685,0,7.354474738303606,103.46973614046392,86.6595535277281,90.13336337127696,72.67037770564681,12.737137211084644,46.983432148481846,35.83638680441281,14.380835289789111,58.664144611318775,90.71656511435488,55.93532593658912,39.921612702575786,32.77712245635162,28.25424683493117,83.95832745993137,0,0,0,2050-01-01 00:00:00,No Failure,0,0
VEH0016,BMW,2023-01-01 02:40:00,74163.19415866362,103.64481882574948,1737.4337944749436,37.520358749180176,90.20098682657635,98.90000737287612,3.699399624832543,0.0,59.99938403761837,67.02199717666791,260.5070883855732,1.1339677520277531,3404.7173792704257,1122.610916564483,8.999710158896708,86.22287226022277,0,99.20271078359364,110.69893209132756,61.05286359873988,114.2226167598174,125.89307122157928,13.19306183505703,0.2745597696197723,23.025186646407743,14.517464035518362,52.27295219430971,94.8101898173272,106.5629514341882,34.9573073533148,55.97948180779632,33.13624284252587,79.52809098772974,0,0,0,2050-01-01 00:00:00,No Failure,0,0
VEH0018,Audi,2023-01-01 17:58:00,86873.18574551486,96.87448765835352,2401.1906933921414,55.83262829690317,85.89375262608738,83.11912111051221,4.60864333649246,38.3560324375635,20.445952268304783,25.95979358584965,378.53256907724335,1.4084290880977788,3856.493001844618,984.0853503620394,7.199756513052461,82.80855814559048,0,26.71005134914918,42.08319443189674,66.4465889444636,41.816054708572345,14.873341181207197,13.109411434541252,44.65944967249986,27.357401953766576,14.60400235770806,80.13113800797692,96.02524885883044,62.97236573359977,38.69228629992462,47.23830463596267,33.31809886193466,81.17991617168632,0,0,0,2050-01-01 00:00:00,No Failure,0,0
VEH0011,Toyota,2023-01-01 03:30:00,87777.82511547524,96.62142401463264,700.0,40.63926083131619,92.15469415774214,2.428933393098931,1.413961351151515,42.199058498639374,16.85607072070963,48.94194223823465,303.56444434648085,1.271705031330136,3893.7398051724335,954.4222473665892,7.7338719114243135,149.93405006915663,0,86.26756704674774,65.64148539486708,43.00908819379305,63.72339748044539,55.43891932615274,12.331500168907173,26.98885026659201,41.68263242504574,13.870639014437192,52.13954023547723,93.65147375387008,102.56140861827264,42.04528425135736,36.75756161977809,31.35273711292421,83.2880540972398,0,0,0,2050-01-01 00:00:00,No Failure,0,0
VEH0041,Audi,2023-01-01 01:48:00,49673.35943962107,95.16278613049876,1412.9003163630798,49.338316734657646,89.84916559404424,1.5177347568077093,7.734920992043814,43.62042019426988,25.68412857474851,65.0401061727474,533.8794728549908,0.4222992708100026,3142.113426042022,1105.7362441657565,7.120560204028247,73.15305835427606,1,82.8788004326286,95.40170715228638,34.75634772352621,9.811340454528654,29.971815715642627,12.22766861329186,9.816077763773723,26.31546835500749,14.247140861635264,82.13822857528652,97.63752830328058,85.60552308182132,30.836462025505647,65.18695846837124,31.913851810411423,80.30255456013342,0,0,0,2050-01-01 00:00:00,No Failure,0,0
VEH0036,Kia,2023-01-01 01:40:00,17832.91575553278,98.50470575661282,2466.1465764030727,39.1817301501986,89.94223958425685,54.79339455008443,1.5245521009276055,37.05958073143571,44.1134720629115,50.65413149384427,334.2085043835867,0.88001428493862,3058.020376788428,1102.2867227268132,7.485323834273518,6.451522536720148,1,8.393940741772909,108.26822673559484,39.12746420835033,106.00398913479944,49.63815787129636,12.3992181988574,-7.278279269069728,24.783289081444387,14.0652154775187,65.20328327422436,94.02246497463106,88.23152673332595,18.268295965991623,59.474540832292085,30.16444695317493,83.10316629534587,0,0,0,2050-01-01 00:00:00,No Failure,0,0
VEH0039,Kia,2023-01-01 10:30:00,23987.70365386881,94.80484215605492,2148.986944173048,35.99894943916466,87.76480333583619,33.08919228492433,5.379399408380409,62.459399535608114,34.50280798393343,72.20596147979353,288.16136793947703,1.7752277253925235,822.9459946249353,1014.4448776870734,8.703891320432602,127.37410513449244,0,82.91004584152311,67.6281084365621,33.12073638612313,61.44177570736817,111.3919541096868,13.025665574441854,-29.564051669906178,12.615229600746824,14.540258630889156,53.401403533998,92.80407357026306,158.18504893706927,34.52852765812753,65.53683857626237,31.152385502904625,84.32222106362005,0,0,0,2050-01-01 00:00:00,No Failure,0,0
VEH0034,BMW,2023-01-01 22:48:00,42537.12449418907,102.1957767549132,3196.5750412971875,53.012539314929725,87.65499562690286,75.52132807803143,6.768095176934582,41.78246358645703,27.017887401566743,51.571195167065895,586.6607300471147,1.5785844961283702,512.4968324282502,1005.0603592338008,9.093023118771512,121.5581978352148,0,72.46317878086771,31.729374785643337,116.92917281530028,99.60917171696096,59.47732505436092,12.279635826076063,36.20605257919455,25.94927030212262,14.189730805731546,94.5914292290922,94.2975923116938,0.0,23.972663756721666,51.82683244789519,33.43390994732122,83.72386205261304,0,0,0,2050-01-01 00:00:00,No Failure,0,0
VEH0036,Kia,2023-01-01 19:04:00,18199.03878947259,94.45932174955306,3937.2806472225766,17.809713124731445,92.30853225552246,18.626534172574218,7.960856123791845,19.721968442038158,41.40635311174206,30.45878083570621,448.4448715253161,0.9989606568461236,3062.5345137840422,918.3678915340842,7.409301489823367,95.71773145995338,1,66.80514981634246,30.74735748884556,55.42571299738168,42.93182032441934,56.81571378639265,12.290855052912349,-6.760328119331646,22.86401857505493,14.908796981329544,96.62440091162443,93.97260288422184,129.64342728167003,15.46785049226102,67.20872816260784,34.60895402607378,81.68714714649026,0,0,0,2050-01-01 00:00:00,No Failure,0,0
VEH0042,Toyota,2023-01-01 08:01:00,31805.2283558713,88.72728092465694,2000.6445331472871,41.96332534661527,92.96427521555096,44.32326218039948,4.48172932300551,20.14389720696868,42.521568004187706,50.50300088475091,571.868985140057,2.1969812781092144,2398.464329328295,1055.237174635059,8.173355925299258,121.04324915638622,0,87.14214041334156,36.13943854305066,40.85959627432898,84.32513197026525,36.74041415124441,12.50199709171574,-9.034506384610484,28.6606249972052,14.076680232259552,45.35213366772822,90.48542057479912,4.6374548195930885,20.49055820280619,70.881312557461,31.61015758438637,76.39317300877177,0,0,0,2050-01-01 00:00:00,No Failure,0,0
VEH0014,Hyundai,2023-01-01 21:28:00,37462.19283374055,96.7323489778352,700.0,29.000637055704768,89.93222126828161,52.40539709968197,12.332345000069871,64.98827303768628,20.59238664451937,63.57383860886091,182.2018605508759,1.6291350380295393,1530.069588163509,915.006324009005,7.124246758037753,90.64177876981016,0,12.303194333521484,102.15220303578508,-4.557997215073698,49.64117001315384,9.039736423147929,12.48339722687826,-41.78865079265303,27.578733968759582,13.812323617847449,82.45087060947414,97.1858323468518,107.56644554076148,17.482072694447176,49.34779571009452,33.127470120631926,76.32592834647792,0,0,0,2050-01-01 00:00:00,No Failure,0,0
VEH0026,Toyota,2023-01-01 05:08:00,94304.92784787268,97.99607461376198,1998.1580259665,47.64998569622096,87.64621861124603,30.487100969675364,8.246668879192846,29.260118719842755,17.567429616481864,40.51098091815594,504.9601077707014,1.7950799518216145,2198.794853433316,1086.5374922411015,9.652809627749033,21.417303085207926,1,96.2908858654758,24.526689378613558,25.01963341698237,84.19821862165641,27.80776424808501,12.456739248687448,14.75306073514221,25.840745179698327,14.197248439211036,98.01059359175488,91.9754954065022,44.53456492840421,37.39290681274346,75.19755383912351,28.45712324660484,79.79177196865807,0,0,0,2050-01-01 00:00:00,No Failure,0,0
VEH0041,Audi,2023-01-01 05:24:00,50074.23073819221,95.68024171163816,1578.510349848907,52.37347004744471,93.9558561364481,3.936671372832001,10.221444578602457,13.246299691274755,52.00064901532248,76.82801854448272,415.9969325717848,1.0619508457568665,3145.973287469968,1109.09747828563,7.035330933610666,121.14278173264476,0,28.65662085573193,101.18578138422907,56.55305986715917,4.730627555122084,45.59529844533096,13.308767689734411,9.41858525683065,31.62926233469389,13.75369956576156,74.75634940832228,97.59251061128468,104.73661172358749,24.704373998576955,65.30498670051816,32.324206829627045,80.39035120123872,0,0,0,2050-01-01 00:00:00,No Failure,0,0
VEH0012,Nissan,2023-01-01 13:53:00,43725.42279537931,94.77235671722843,3224.429481091641,26.560473519220384,94.31011385533616,31.289762878831983,7.758788992974326,49.13408711009065,44.679107789815006,62.6656022352752,141.70657078979536,1.7447431154345856,2498.8723022452346,980.7573726491504,7.386219685227232,17.44517843549702,0,84.28585740622276,66.51328242490005,88.85663319203853,49.60738257852435,70.72991214902693,12.547772714071671,24.832331063290844,10.322412943968724,14.082953594546591,88.33542368551502,91.6150904238268,93.24915508904049,25.479991575949377,70.71897713057982,30.980020894590798,75.41175357390394,0,0,0,2050-01-01 00:00:00,No Failure,0,0
VEH0038,Honda,2023-01-02 08:56:00,50613.01749578786,99.22568432996304,1262.7431447718263,34.775416614354256,86.04524460712713,38.56815217302357,2.081084835020471,27.69733862661849,2.052608442137412,37.7319880031794,649.4643386944929,1.5239121965439042,3856.547114191336,957.0175057297408,8.011228279186662,65.85945635678536,0,27.72354407967691,60.16266348968208,67.76410656308816,48.26307952345312,56.552895255336345,13.110020936526256,37.61082803551571,27.708399826014325,14.79494799321039,86.11550830868512,94.40664136205336,99.63219721453795,26.98641675408713,50.86786736402764,28.5846482518874,80.36958416824243,0,0,0,2050-01-01 00:00:00,No Failure,0,0
VEH0010,Mercedes-Benz,2023-01-01 00:12:00,22577.023601896744,93.26432690664862,2116.7342122898926,55.05046138493783,89.71150585422076,8.813767888432555,1.8154053633852656,5.762306576535302,9.997733441977768,77.47252650315806,440.6682139794151,1.0619978922769893,4170.686873802927,1128.1316472253884,8.405785326496215,8.806292342387081,0,53.73783260234914,41.23968492569247,55.00156277574878,100.57421515388982,73.29404335839466,12.58704087216964,23.762474898066017,26.10989149612524,14.48970638164797,84.18854555373598,95.12390178360646,25.013269334991044,32.943270556508914,72.67988412507961,31.12223484842547,84.36834099517478,0,0,0,2050-01-01 00:00:00,No Failure,0,0
VEH0030,Nissan,2023-01-01 07:56:00,67785.83921865447,93.56641072545172,1467.522503092108,50.08757831552903,88.01490874437965,82.11567520267211,3.521506413984645,30.131355929823616,38.73278564858367,18.960538132135916,507.5492570332653,1.030313277282577,3627.853601662406,788.1344471790633,8.00185188528424,101.4554752080454,1,51.01370930000289,42.203117242849984,95.68035610695482,68.89009315358867,38.431761402467984,11.91024920961288,22.859486302381143,25.361599500653103,14.11194757937241,70.80016375172704,97.1390942319685,180.0,28.999748771678497,56.28114905111544,28.18039873760649,79.19891726183587,0,0,0,2050-01-01 00:00:00,No Failure,0,0
VEH0016,BMW,2023-01-01 19:08:00,74854.20951657003,93.69564987432992,1900.952180651798,43.880759993191454,83.9468203208796,44.23816802133699,8.408988174832297,42.55240538698348,42.94960053289524,31.06178068600506,609.2492522022851,0.6050730361244471,3410.971663758717,898.8013948719234,8.855744017268131,99.09445153607489,0,72.30629039506017,117.24323565571838,45.40495606816384,46.220624954308846,63.97277140995041,12.87359174393356,6.333422892282533,33.03717773517183,14.825687273191557,44.20532993774518,94.74322601559405,85.91756433207843,23.002309991117198,72.49931447123144,29.79647774497704,79.30878749249764,0,0,0,2050-01-01 00:00:00,No Failure,0,0
VEH0006,Ford,2023-01-02 06:36:00,80230.39722590639,86.11715672051476,1792.242531378533,35.64701443555122,87.10562799545588,68.88753753767035,4.903247586415466,61.5823318489929,0.0,32.346705344581146,639.650426546518,1.6214769329666128,1128.4085605737257,893.5324951425812,8.78989371686708,44.03996980811934,0,61.71872826993056,36.745628306464255,14.644578963579775,90.6134916171982,50.04891563425308,12.162534366158493,-11.600630290015893,27.66109691291352,14.105837349355216,80.49698547427002,90.18153913639269,0.0,25.027341628229838,79.55038020583038,32.26059520586681,80.94206097304098,0,0,0,2050-01-01 00:00:00,No Failure,0,0
VEH0035,Chevrolet,2023-01-01 02:50:00,78457.7679156167,91.06658567993452,2545.8687024637698,44.92830609145158,86.10250258667119,56.37063041901175,0.0,37.39576498864347,39.30919509496876,48.97079994633354,433.613582039605,2.082395007559782,906.1283814761642,949.8856501920098,8.932582104262192,79.3885296810687,0,77.14247838268896,63.29222706174391,46.993641605481805,66.49484136069617,52.37389250162348,12.526838513356289,42.4534375000966,15.685635625742,14.395296075243513,99.9211629714504,91.00925017535415,98.67950711873472,32.06064639929866,62.76459643203132,28.66174215481604,81.45402311642873,0,0,0,2050-01-01 00:00:00,No Failure,0,0
VEH0004,BMW,2023-01-01 00:49:00,21176.4392538633,92.69643777262092,2223.330976976589,48.528316260798896,96.43764699716344,85.4398323699921,3.9364015399708174,34.74707620371628,4.372267243892342,43.281702706058425,282.668173694742,2.1364896139551157,4299.661493706667,1002.364078463065,7.911012551641688,41.63517699139528,0,34.25951181221766,76.44701251197182,67.73599214836766,85.463760025142,107.91389423286849,13.206572751330436,-2.6326303617991,29.020416319050128,14.06631616256113,40.01829032049076,99.3591089776292,81.72079280662376,24.55829750303494,72.25508826189485,32.86469291786796,78.97979530462986,0,0,0,2050-01-01 00:00:00,No Failure,0,0
VEH0028,Hyundai,2023-01-01 01:34:00,45848.25761854767,95.48877882133256,1831.9649924275209,52.18021442334295,90.40568121932328,67.43216440991755,3.1701263430536164,40.50761717853258,20.028248000797145,44.22116614831273,286.85305149642386,0.9910242184489868,4714.834360301175,1071.9234556423469,8.83097936900299,130.4627412276461,0,34.786722198575205,70.09638597352281,112.06193923078254,60.89581583374435,45.62622766603832,12.346946556114249,10.303270436114676,35.77665935146651,14.239496010354,93.6586204042926,93.45227987078908,31.48661257026684,32.81694948276313,62.62198576183786,32.527393643433406,79.95827818098797,0,0,0,2050-01-01 00:00:00,No Failure,0,0
VEH0042,Toyota,2023-01-02 09:15:00,31756.820564312937,93.47360336807644,700.0,54.60570089140352,86.67888342307198,91.74638047976494,5.95665231519947,35.979353792108604,41.78322429231135,60.921121449273706,305.54695779542834,1.0639460373652043,2398.18860864659,859.6339245914912,8.178822415336523,94.48551764339872,0,10.927186811580402,54.74670986759947,75.10952467839182,5.918623183392349,9.067069130093635,12.690843895229309,20.093728995180683,25.32644050281515,13.95796144037104,51.21030752832136,90.49007813454428,55.53822093632942,34.899940464013575,47.9791117357591,30.66473364724726,84.54887929397258,0,0,0,2050-01-01 00:00:00,No Failure,0,0
VEH0039,Kia,2023-01-01 21:20:00,24371.87734422241,94.8158607683894,2857.7792093588296,50.99012811923286,90.27578351589877,77.06948261336778,2.142600836514809,49.81403543051155,10.524564619747656,32.81727252699951,377.1884059859248,2.0831415763875065,826.3695172901464,1089.9375038619885,8.612946840373041,125.61795679989196,1,69.6147224052339,39.92957752248888,80.91419849510692,60.08618019460734,77.77663181538428,12.99565461328912,-10.76654152729569,40.91414405907466,13.853613907109274,72.80644216556652,92.75746814035364,49.54559293575758,37.14719493254047,77.83400014643115,29.23637751655466,84.61016353334266,0,0,0,2050-01-01 00:00:00,No Failure,0,0
VEH0044,Toyota,2023-01-01 06:46:00,64098.94969402836,100.7572259827167,2577.900105517598,41.09730729195851,91.32291249655816,42.78091837570126,7.970076298788285,60.73842824334141,24.62703289539882,37.12593432182365,764.1817091450529,1.640671925259567,4007.061835018784,864.4396638683158,9.344470172363344,66.6865851151924,0,26.891151037622308,18.96493455448512,48.36293722163391,72.31197650460996,108.46786207746588,12.551659620792735,23.3415347902723,19.94669118783222,13.959793747893803,87.8440185659775,94.8911433094284,31.97578263923849,9.062339421880438,46.42820413920601,34.04816792085333,81.40927171892835,0,0,0,2050-01-01 00:00:00,No Failure,0,0
VEH0010,Mercedes-Benz,2023-01-01 18:05:00,23441.299324409123,96.08999502197356,2561.239534254992,58.01526268761464,86.96500500223148,85.80846278663469,4.681279559389534,54.85588471167243,51.491837264021385,21.837959654486816,525.8422925153192,0.8113900656240758,4179.224696123971,999.4218316758634,8.211273616006743,142.66971115909615,0,49.37971945460468,48.2882447290797,57.62725111468698,89.06114620661376,47.998649868088016,9.944045108950906,-66.13343965218519,19.740963773362907,13.891275139393787,75.28679938833716,95.0320057727148,51.09840384734633,30.679153744065925,45.28129833970637,31.370500644900986,79.73067554304332,0,0,1,2023-01-04 18:05:00,Battery Dead,1,1
VEH0022,Ford,2023-01-01 20:42:00,75648.57326223726,86.41945795823844,1683.9940233883935,26.68478112560588,93.5933821890002,57.63426335420717,0.2392499228780824,47.55877163616639,28.99470142041125,44.7615761820524,755.630672797311,1.8085833407033984,3958.4870931387336,1132.5870805739014,9.361495234064815,-47.96301519851315,0,80.84390431891786,46.69304692381861,46.82550595806406,89.97587171675795,77.18924744421014,12.913230686866871,-15.465773623360288,19.436460473946084,14.310645675378668,74.2232974572947,93.62462821960212,64.8980850528526,33.23052694943053,38.29018122848906,30.33446617347863,84.1049303578189,0,0,0,2050-01-01 00:00:00,No Failure,0,0
VEH0025,Audi,2023-01-01 12:18:00,32756.633790518797,86.0986969825401,700.0,39.40944675152533,92.35149235202408,37.08672365655653,2.272128267586353,52.44327566521719,35.37337240990064,31.877074929889663,469.9404578905252,2.187564198671069,4364.9343772058655,1056.0434174240338,7.5015137881549885,47.050930168758825,0,42.31402745775007,43.86217765229777,44.45267843399351,71.9645937498743,79.47577262584309,12.596259002970063,-4.357765246649574,21.976027192485475,14.339942546143837,43.77263699980033,98.02159133570444,121.58316823193732,32.388245410284256,38.82746377008132,28.656722454564385,80.74713964169545,0,0,0,2050-01-01 00:00:00,No Failure,0,0
VEH0038,Honda,2023-01-01 15:25:00,50576.001207901216,89.25323314293634,2002.2165690342576,48.225485400458304,87.29619314671032,80.95341689327537,9.540295636907056,48.12420090640239,46.01172898968613,36.411778680305886,572.3119655915355,1.135077533496513,3856.288313903676,914.028190750871,8.019715665111175,33.20038295781912,0,34.402617218963314,28.227618543505123,-9.970740982725786,47.43141684459,84.82541146818734,11.925299484371564,11.500531331561128,26.6172034266176,14.741027637340784,89.13804605019294,94.4098701975954,100.25252277502685,33.73414681842208,65.3087588280157,34.056102331765004,76.19005135111011,0,0,0,2050-01-01 00:00:00,No Failure,0,0
VEH0022,Ford,2023-01-01 09:21:00,75539.14247960516,84.49916264443931,835.2026946993299,56.2120388697022,93.41437721422533,34.40191350900681,5.488300189580681,53.75063863660388,14.63556416860374,51.247898618000505,433.3261886493393,2.308126322537316,3956.4486662918976,1143.871289175425,9.393863517688914,-39.46305920306671,0,33.25178493460888,60.95560981468911,75.96194965247246,93.85655814579584,54.35678980058231,12.932979497762494,26.155817989957324,13.79287601733089,14.05329407120783,87.34250537619178,93.64478545333768,23.633098516431936,29.780437056719613,51.569020669408815,29.34292804525691,84.91833766076117,0,0,0,2050-01-01 00:00:00,No Failure,0,0
VEH0012,Nissan,2023-01-01 04:30:00,43958.87645206651,87.82999419647253,1620.3072736349263,30.069097098277933,87.19437095942679,24.381498966813155,0.0,25.64362779622236,0.0,61.96284048175467,422.3683692185383,1.4383873574259658,2501.135222711316,946.6367434191452,7.323404236339919,160.60590653797033,0,21.44726649125909,69.36297325146714,79.28500203424775,32.5254893883654,17.346293108972063,12.933466254747268,48.83976788164646,29.44440094834783,14.850870341636677,77.31706628100835,91.58118210467488,100.64955829770416,46.47396441460949,43.55260013174564,28.242238791459464,80.08184984002641,0,0,0,2050-01-01 00:00:00,No Failure,0,0
VEH0041,Audi,2023-01-01 03:48:00,49487.67181735755,91.96166416343748,700.0,35.34383900084262,90.06461167345753,79.65900269557979,0.0,31.325186155916185,42.02686969638553,49.19814265811898,466.34852539272913,1.632186401221535,3139.7619082477045,1059.991090216762,7.1639427143831975,-7.292862943975805,0,27.5094785810431,73.98459891274139,92.95207128296576,39.03152357624669,48.56828368695773,11.652828683377916,-12.701577852797875,31.34611501133348,14.218186823079469,41.610931316892525,97.66107729994054,70.98670734720172,41.03030654784558,37.43659951046607,34.034714708814,76.81763933387859,0,0,0,2050-01-01 00:00:00,No Failure,0,0
VEH0015,Kia,2023-01-01 10:56:00,21839.17454013672,96.73017072472808,2546.464934768143,63.03936701087848,87.59925228742543,63.49143799610337,5.394842981347039,40.03917214461832,29.990251490849488,51.896271786934165,400.710724242828,1.846632457114256,3239.699645542016,853.8264997850431,7.149829948615837,154.15816273868697,0,26.26843594360182,54.16534970630051,62.22675107429366,72.72298867039291,66.17797692198788,12.574829797040977,-4.066952559162742,26.149753646523163,14.34760481146021,51.528887288512486,96.2586998000676,41.994745807892016,32.678140697923325,80.36981950614359,31.782176579307357,75.53242525686346,0,0,0,2050-01-01 00:00:00,No Failure,0,0
VEH0042,Toyota,2023-01-01 06:48:00,31453.06232353712,92.2437458482202,2678.765199479669,33.19974014968307,91.78167699183906,22.67063866850529,1.6418928725317403,55.78436296438501,14.5787297134554,35.28366751673747,244.2783461808161,2.164437503893083,2395.6691558754264,1092.9177786136745,8.248642180287666,143.93087245516318,0,42.18094190882604,56.71084009333045,73.12051180742596,21.718806603888112,108.33940809104143,11.64430865221876,-20.009815321962392,22.625241870010036,14.335402549101412,44.26369591570714,90.5191552829114,79.2370847231367,48.97612524928261,48.69612164088133,32.4931396416591,82.92969463399356,0,0,0,2050-01-01 00:00:00,No Failure,0,0
VEH0021,Mercedes-Benz,2023-01-01 00:34:00,75454.46871216473,93.97369912213183,1072.9575390116595,56.00549449586232,90.89647199870248,26.65527047254689,6.237026759181784,79.6919816315964,80.2631348907696,48.394429604947504,572.0056716125639,1.5377627672500682,1062.4420340446677,778.0199775573163,8.213841550479685,11.974468612750144,0,20.31618689036901,87.29807000874774,28.734700054714978,102.1926105962268,67.18025078337891,11.784071551463157,-17.30043450474139,20.05968736733581,14.140715074880871,41.09843972203002,93.06071187356058,94.40874865761946,44.05071990378954,62.45561057776669,28.335641411809554,82.81653318975106,0,0,0,2050-01-01 00:00:00,No Failure,0,0
VEH0039,Kia,2023-01-01 11:22:00,24353.50137065164,89.61247435802525,2404.9454853255543,42.48382924880706,91.45468641132383,44.46456595408653,9.714436200706729,0.0,34.54674627850264,62.47983969427774,268.2873544083874,0.0962738899409274,826.2083106056756,913.7437709648294,8.620322703798003,76.46252819258058,1,81.58850253604625,100.96655448267828,28.07138793601467,65.91466186995818,70.0154001782372,13.02486125688513,-34.401732293706345,17.855388745246756,14.25549498336478,62.23745378437018,92.75947604907172,156.04301851464623,22.52576228809661,64.4049459846215,33.96333968902975,81.39674033537862,0,0,0,2050-01-01 00:00:00,No Failure,0,0
VEH0034,BMW,2023-01-02 00:36:00,42690.09568295648,95.2419511831243,2936.8323191980057,57.31224522402068,92.78765678423754,56.94767649785415,4.83734640142562,25.327807949186408,46.31676468773559,38.4257219197553,467.6301682760167,2.2359570836293545,514.1384524195539,992.462244415974,9.059141360182617,106.1313684559948,0,34.31139229888619,7.387243800517893,41.52609256754884,100.79049197756548,44.55352333755463,13.576623848432227,11.907937205994118,24.022549416528737,14.437150186561558,67.4783292628012,94.27896856592508,0.0,38.46049464557756,63.41662840076011,31.93232094117263,76.42822718318703,0,0,0,2050-01-01 00:00:00,No Failure,0,0
VEH0025,Audi,2023-01-01 03:25:00,32455.20783466495,93.60004928200028,1578.7433305419358,37.1604271293852,86.54131838846351,52.67845723392384,5.052057669720645,20.427377300807716,55.957293542739805,46.706253791084826,260.9379512193593,2.3834712138694414,4361.99054524429,960.7366341128844,7.587630945151045,29.58102011141509,0,62.83163608037405,40.937574909945454,29.487378115299475,67.12624309704387,51.05681398034665,11.848201613744743,24.284943794519045,20.25006392782852,14.244148658882285,50.74355776821359,98.06732377377416,61.2528726301571,33.67674321317621,80.49115412822462,30.286906547164577,83.13275974864297,0,0,0,2050-01-01 00:00:00,No Failure,0,0
VEH0023,Audi,2023-01-01 00:46:00,42467.55076103786,95.74903074945296,1480.2739590304834,40.30160778834277,94.67881947977412,15.803028553166676,5.218995300608765,100.0,54.899911381823706,43.05136395790473,399.1009481592556,2.58892632594202,2804.804578859661,922.3634517890564,6.835331660657782,96.53902354597987,0,21.117505718209284,39.32223367905458,80.17742601424366,89.97030526497954,83.33666367950471,12.780979867180644,37.40976845248508,30.63148751695049,14.640368168522055,60.2585040107778,91.00914869017096,68.10025698830768,31.94652673950302,57.87491266366516,29.071466806999524,80.82991363335286,0,0,0,2050-01-01 00:00:00,No Failure,0,0
VEH0030,Nissan,2023-01-01 19:56:00,68010.38517297954,100.2941233192648,853.3272506359313,36.28258918102436,89.0486181457081,88.15865919609249,10.327808314472302,26.36846356631973,9.305518597920807,72.54576504158541,308.075024556449,1.849513967953099,3628.955122740852,901.3174166041764,7.974569398664223,68.03668784316287,0,96.05794141436358,76.26642172616978,127.02924769829777,47.71861633305507,19.88632047802464,12.372451974119338,31.41436801442982,19.197430495057024,14.201115808744015,56.305400937444496,97.1201927201092,177.79178002815328,40.902060202860994,50.54569082915438,31.872900761462017,84.65963651558629,0,0,0,2050-01-01 00:00:00,No Failure,0,0
VEH0019,Toyota,2023-01-01 07:56:00,59777.01867011391,87.21402510644984,2438.0354949729017,43.290258927423466,91.45343677701749,5.631138795767532,7.079582891093463,74.73835365802762,40.05347962113208,38.42378252923938,170.34712500292957,2.136483574418997,1979.3069294172496,1040.3800832317002,9.437480081066893,75.71689544520922,0,61.62432268997588,10.147884975148427,75.85988312484122,45.17695760897775,39.87027258632371,11.97109497888723,14.771708383813928,24.30324011301509,14.030703151721625,75.30853583901249,97.15238285372018,158.80501501886928,34.142416146810405,58.35064397741493,33.56011237776346,81.90004725703146,0,0,0,2050-01-01 00:00:00,No Failure,0,0
VEH0006,Ford,2023-01-01 11:15:00,80080.51402696462,93.20243909086103,1552.305987288259,55.10921367993741,86.96850946072496,44.457819786834506,3.5819735053762045,63.60501856609244,23.02162933855902,65.27992865475026,463.1870484644153,1.3439993473230156,1126.096295709889,1104.7382702580796,8.8302853075056,4.025589747842432,0,81.88960690997486,38.11017403172336,123.12617612743963,99.75530589724887,103.70971237195656,11.878554752160651,4.856744462257076,22.422029766752,14.317707224315251,57.867955536025065,90.20597244976727,164.1017358568559,37.01166364973781,61.07913720925356,31.198614260474614,83.4787976807792,0,0,0,2050-01-01 00:00:00,No Failure,0,0
VEH0023,Audi,2023-01-01 08:26:00,42852.92585103127,104.50169338748232,2220.2305333132663,38.27766792128073,89.0923279462798,37.220224059440746,3.897023389339544,37.29390555715398,56.18514921516111,0.0,270.78306181572134,1.152694625443992,2808.8180909331527,1008.4079286375812,6.720781050930456,146.89693179126414,0,53.19448820784459,65.39115129414962,17.215118445593582,87.01206698625292,74.16309326728955,12.970682070394496,4.162229936282865,30.13596579559845,13.985525485843151,74.52482481699113,90.9491921164881,64.81305074067262,27.749458981288942,60.461394768881846,32.071889042633934,79.12433993434959,0,0,0,2050-01-01 00:00:00,No Failure,0,0
VEH0024,Toyota,2023-01-01 05:40:00,56958.548890741,93.29275630681268,1810.1671502357265,31.937188781388244,88.62644929290873,19.44600006480668,7.13555640236762,35.1964747660249,45.22962963682128,30.88316289249065,171.60286268659718,1.7655195601302636,657.3048585694474,1048.8404748150226,8.254486345151001,54.40494205012378,1,12.551187087832872,94.85814186108092,70.55417124976668,60.2174021900277,77.22398592346572,12.588555054220082,10.197335348527458,29.134095945372756,14.55874898540843,92.8216462520646,91.44747975120488,68.57526068988355,42.33459362748501,63.498082946201215,32.453848746261755,75.51015547646583,0,0,0,2050-01-01 00:00:00,No Failure,0,0
VEH0045,Toyota,2023-01-01 02:34:00,90889.66581953884,85.70956505128706,2225.697300652678,32.462423806926,89.08781020210813,4.314057303667696,7.949583195446968,21.101201068527164,4.598957904434183,53.30477294621326,555.3151877481521,2.119590913288197,3096.2119591602286,1233.6429837293615,9.667956886782724,184.16844017253797,0,85.87670622522258,68.88279480271416,71.61697058288875,74.00322800155766,33.09674064392673,13.042443483698143,22.91725051411741,22.26157130927804,14.474010110046628,52.42795297889576,91.91335731239108,96.29447001278344,29.614812822251707,36.96087529090184,31.151490430927502,76.68352968206855,0,0,0,2050-01-01 00:00:00,No Failure,0,0
VEH0000,BMW,2023-01-01 09:40:00,31878.80488165692,92.85494846273252,2820.237917740099,50.22179184836613,88.28638549441948,12.210927831274487,1.2932438300977118,39.453362822338654,52.5248102949767,18.19121786663162,460.13551730557583,1.8332531646227728,1096.5585121698064,973.8811503688388,7.628383800930261,6.915124696924337,0,39.91011136616104,17.386687613976065,7.794740123915027,69.41408606391711,82.25432918400443,12.83050874403817,21.00212095788561,31.318994734053923,14.10955108883408,52.88650124540629,90.76426283974226,29.2493522858594,36.483704892216345,57.60066106522178,33.316994857860784,75.51208998169447,0,0,0,2050-01-01 00:00:00,No Failure,0,0
VEH0003,Mercedes-Benz,2023-01-01 03:12:00,45271.73698606755,89.09054914495056,1959.742883746322,54.41989016697914,92.11214888989694,32.12811810934747,2.545513148676413,34.698050489160124,31.354211920343904,67.43714004370491,272.51039489252594,0.4465490971393111,2047.6246049015324,1217.9532932671518,6.065464702564293,19.298722247965067,0,56.22773666974793,82.26599183612038,52.53944193500937,80.99048720433652,32.719863683434426,12.910577134693492,-30.84665767691008,28.43568285521181,14.407426697270209,46.15509804374921,91.34440118319552,68.77081277090578,36.89854817994224,67.50573531236066,31.461922507778297,78.48977914467626,0,0,0,2050-01-01 00:00:00,No Failure,0,0
VEH0045,Toyota,2023-01-01 03:30:00,90516.71355515064,99.9054062302954,1673.7969634068404,60.9104333603876,87.91519030423648,95.56867010078022,5.428971526085619,63.19514915232635,24.134853697672973,33.66695288018629,398.2365704514448,1.425680194326421,3093.716698363234,1098.9972301727266,9.753603208778392,84.55341210274077,0,28.917004025575665,24.99449357377756,22.60713181569161,40.166286523448726,67.7376740433201,12.819578549504753,-5.620524554249155,23.554387822530877,14.825945328006934,87.81569263878507,91.95378175386392,96.73312980930191,30.942191339446747,55.82385211294667,30.568940063175816,75.09289667204295,0,0,0,2050-01-01 00:00:00,No Failure,0,0
VEH0031,Chevrolet,2023-01-01 03:10:00,58431.25310090431,100.24338482263562,2549.17438676074,51.83687938441439,87.27393339646056,1.708119687327525,6.069366108669021,53.38727603640354,31.67464456020382,67.21255978861277,662.6793328557928,1.4966872299582683,3227.7573243100514,1063.979915408893,8.77474488514034,65.82548726963184,1,15.618164238573462,26.23664394566681,89.51729875399705,-5.0521363727195165,48.17783563956074,12.290983029504517,28.035020792631347,22.445677505388545,14.209514603708202,55.736409300196286,91.80561924789936,58.89207859797108,47.34139369747909,59.70230535439639,31.952700517425924,76.0877495434879,0,0,0,2050-01-01 00:00:00,No Failure,0,0
VEH0022,Ford,2023-01-01 15:18:00,75923.31635351913,91.9225964414416,1307.3601102842658,41.84640969898313,92.3533668883245,82.25985489124368,0.0,64.02820602841835,13.489441117507162,52.629885911714624,410.46164881151446,1.5356293620409218,3960.759585605365,1249.588519643988,9.319095794156402,13.05836883681043,0,3.5655319836537136,62.076761424028334,73.13694075974927,112.3980171288594,50.75018157534363,12.360730947239428,15.30900051951975,24.918105748842315,14.434941056938362,97.79761443672564,93.58735424785526,85.79374765410299,15.362754421319782,61.561105555944,30.00077438246765,76.36428725029825,0,0,0,2050-01-01 00:00:00,No Failure,0,0
VEH0049,Audi,2023-01-01 04:57:00,59549.07576404283,103.48974497002504,3049.404330266509,48.022508050765104,84.52385263965411,37.22703201885567,6.955211243979141,37.745918403748895,8.577981105589906,57.125570023869535,387.4796639477977,0.4310823184915282,2573.7877198356023,1012.749534112012,7.482748911854228,52.28485049019791,0,66.39300211830542,69.28807471427677,107.65797222692044,82.10701758008895,92.6436381066001,13.397945154689818,11.64994009067561,30.920296218787136,14.390144065717642,79.03813006585446,94.26756597715855,25.1026895348166,42.64256939868543,56.53657726648037,32.07617450016329,76.97426500819839,0,0,0,2050-01-01 00:00:00,No Failure,0,0
VEH0033,Honda,2023-01-02 05:45:00,35111.506154748604,88.23113934297677,2494.475753883524,44.768542608519134,89.73181051254387,3.555919571555177,3.93924750371874,40.06440287550277,0.0,31.554498119304835,376.5286148882792,1.6120801759053816,3777.075034590018,936.0088445526268,7.77064465746253,0.3084160910979392,0,74.21861897646205,44.575672752557054,31.646318255863928,97.48131703461362,50.86132567617765,12.621489142763746,-11.137535138345337,38.65653077140057,13.739199290185756,45.94486154237146,97.84734192542274,50.28479928555312,36.21478192106735,69.39639253046157,31.113790008573567,78.04963983771182,0,0,0,2050-01-01 00:00:00,No Failure,0,0
VEH0041,Audi,2023-01-01 00:00:00,49380.18988996088,103.71679016231734,3415.697546890651,49.772074516698126,94.20492731751284,93.7481318087314,1.2985976288207928,43.68647482471016,17.48353544389274,43.02175634572191,511.6751670147684,1.3936804902866875,3138.97069381052,1033.0287679404312,7.19278852231306,164.3953358262382,0,57.14336329758295,63.269258277698654,35.99151311772809,102.54354451013572,30.18110068595133,12.378169742572528,-3.043004567032801,27.7234960091971,14.19601075843891,42.73179588032464,97.6755217570146,11.08465021561122,30.503733758352297,47.9151378873702,28.13873226978419,82.77192970258382,0,0,0,2050-01-01 00:00:00,No Failure,0,0
VEH0027,Mercedes-Benz,2023-01-01 01:00:00,87056.0411904025,96.28768464471288,1217.1642774621669,51.208315236577846,88.63598463567776,26.592860429972664,7.9568449746175,41.23388741209296,37.84961333987954,46.08836863369723,468.403113033197,1.4559970433486489,1730.2069489795394,1066.6935750668154,8.033333225950981,124.32244697514685,0,80.51135361801774,112.21779591458944,10.450279325790705,107.60184986549372,24.11345991200972,13.07437976631308,-15.669616144676084,28.542263594418745,14.210513153058924,92.66995109621236,95.83144887580087,178.02641346253844,29.285118544141564,38.2847116748665,34.324317886659394,80.42817948921846,0,0,0,2050-01-01 00:00:00,No Failure,0,0
VEH0047,BMW,2023-01-01 07:22:00,85541.1922720171,96.6260441591582,2683.71987233099,52.485873278106205,84.71764142573603,38.57699145085621,1.166382833491996,33.271834726598016,10.808489803529152,55.23180578425903,566.3403339342219,2.5623918554546528,1833.949950079656,873.0069573074345,6.350573539468414,-11.78815822737883,0,79.0496017261431,65.63788581181065,56.95690366393734,40.91413746277806,34.72331188745177,12.405067347168233,41.67366337614064,25.41025077282657,13.940734682329255,61.168963849129966,94.93878251546168,23.72857642918443,26.41798255986217,62.51647093181443,29.32869973212671,83.45993800184688,0,0,0,2050-01-01 00:00:00,No Failure,0,0
VEH0021,Mercedes-Benz,2023-01-01 04:46:00,75831.79890404109,96.62034482414984,2322.594908061583,57.97563815313512,89.68376187319839,71.33462906192875,0.0,33.97813611605631,0.5648401072826346,93.64561096869168,550.2298962592264,1.258531105744625,1065.2851477561665,996.3385737855076,8.141436129094844,17.934877094930762,0,74.05725259974342,72.028213096767,99.68431107824382,117.41300641002182,24.894952141788792,13.044506783067,12.478183679730783,26.57899625073393,13.957435775773378,51.28561931050067,93.03384095087247,57.229192246485866,33.28347960108757,55.79701933256264,29.56862915386174,79.81805921437251,0,0,0,2050-01-01 00:00:00,No Failure,0,0
VEH0026,Toyota,2023-01-01 09:32:00,94245.4184535142,100.5253228712142,2633.234880136677,51.30625216978743,89.35223224873735,90.70264200429727,6.87479150613408,15.299895275659557,33.75454256857539,55.32683231824032,265.2236360708332,0.8879226867930404,2198.07754502198,981.7331559599132,9.66619922228485,88.46186502624212,1,17.688523181458137,54.54567085539779,50.11874354527097,47.52355856136485,29.95818476068745,12.956921430887212,-15.647431492763936,28.08299539963049,14.02348118547962,64.08346679849129,91.98160871828,30.51688348697737,19.88795613753625,75.43760885218482,32.98479387862964,84.61401558316324,0,0,0,2050-01-01 00:00:00,No Failure,0,0
VEH0021,Mercedes-Benz,2023-01-01 01:35:00,75975.47901662021,91.7261985701252,1420.785345042252,40.44901714991328,86.93202619180197,58.39976947327118,3.098482720406293,64.59907844185732,41.61632330844057,61.62842323326963,799.0600392951359,0.8642905859466637,1066.8394135019653,943.0937789767886,8.116985480567712,54.2625904677807,0,62.88672876541984,65.61807493584007,54.54439365482825,46.4837304310524,34.008451184248955,12.749803897123096,-8.838180620259738,20.96461265610315,14.17975813788113,49.65059847076071,93.01522262953166,78.00181865688158,21.48769022303332,39.16503166711499,34.52032235988134,84.2360561821195,0,0,0,2050-01-01 00:00:00,No Failure,0,0
VEH0017,Toyota,2023-01-01 06:00:00,14544.12122752478,91.376387127666,2216.0838642023077,45.81552486014934,86.63144927934424,90.87859754015555,5.985333167126544,50.24251507748527,31.41682998831445,47.3718618241681,362.0800634215647,1.510837617046977,2083.899265336093,1198.634414871722,9.514155834427578,17.280555113298533,0,34.18651742474989,102.63079762234868,50.05691762189491,78.45846177410279,88.67526393741088,12.002006158656648,1.528661200620178,20.947791186359616,13.667295303267654,83.18939220883436,99.0498550467206,86.74228585114328,24.42065037079744,92.98875217755764,32.73133129457332,78.44152999121887,0,0,0,2050-01-01 00:00:00,No Failure,0,0
VEH0036,Kia,2023-01-01 04:19:00,18491.191575952264,95.3832340810979,2071.115300924122,50.93700641726617,87.37720817358299,40.75868994970586,7.30484018031507,56.3020164259688,27.857288285359974,46.086082206013664,369.4261878454647,1.9882963098309931,3065.895945394545,827.5053892537425,7.34012584767492,26.863084097783,0,1.0645532381929446,1.5561640889186492,80.23280533638776,75.27151595348066,17.71931929681876,12.573501523515633,60.02273198969996,20.45784020450464,14.593112144602758,54.669175159714825,93.9399436886682,72.59740594883463,40.937330359999535,46.22552443825492,32.77896332338038,81.36572236887193,0,0,0,2050-01-01 00:00:00,No Failure,0,0
VEH0027,Mercedes-Benz,2023-01-01 03:00:00,87879.95367408243,96.52220898260968,1153.1262115026109,48.92391371429396,91.61724457745588,17.093544128659133,4.820053630381599,67.46681873519209,9.685270672684576,42.06055968938461,259.23810108970883,1.5234884734020273,1737.5896685250448,978.5361023786936,7.873841208678971,114.168662025937,0,29.42763579031892,70.32921248586162,25.273090357743165,61.902809588566846,39.56856312037053,12.785677557581195,20.42670359122569,23.730747271976917,14.241254802938542,58.92900007017833,95.74206805849352,15.700195569627382,34.65700440305352,50.08880929498888,29.694443356541964,81.90227368606516,0,0,0,2050-01-01 00:00:00,No Failure,0,0
VEH0015,Kia,2023-01-01 00:22:00,21539.11067620749,97.10505075480506,2779.4218987565955,64.81343059328412,90.63832056362952,37.60756224451664,7.596559847757021,19.031104214707774,15.826225243995452,48.30987199403899,578.4532339259599,0.559252185085927,3235.662928394365,1017.2001570570244,7.23903686565863,21.66367758987036,0,53.67352196585188,67.59962562712398,128.07744596248534,64.8242033401305,84.18509303391744,11.989251731263858,33.34703214748477,26.935331651636854,14.020365031656782,98.39305781634376,96.306594736901,65.62727286298153,17.946924071161202,64.77225396389225,33.13164518345045,78.4328924153186,0,0,0,2050-01-01 00:00:00,No Failure,0,0
VEH0045,Toyota,2023-01-01 04:55:00,90474.3336423286,105.92819210797228,2058.275612169663,57.7873589133947,90.27116491004874,0.6648978518812187,7.401247801362824,6.713497003405571,18.534770051793465,45.07450102807453,432.7643024238532,1.0194038466835644,3093.1959610122008,964.0677828169182,9.76891563201132,144.3527677534399,0,98.22454192908252,57.59344643874099,49.40099249543172,92.49004325729254,-1.0050694101636708,12.393037253329052,37.94341469484976,25.173482761360894,13.771522285644872,62.31885571781946,91.95702585757742,34.94259287618888,39.7880545187688,69.71885634731879,29.805535443137032,83.2938953961118,0,0,0,2050-01-01 00:00:00,No Failure,0,0
VEH0043,Hyundai,2023-01-01 19:12:00,94804.73678002956,93.65693806399446,1519.3520436563306,42.0103689683226,96.97988284633148,12.241365372668067,2.1997498186909423,41.81440266410279,42.718334135547806,78.46455985936343,394.0749072794932,1.7905977107391706,4271.17724314353,825.223040639391,7.397966014347094,45.13608572954915,0,23.25814691034193,98.57713561629392,45.752711801752966,86.3137638727334,72.49575777939476,13.163678800914605,12.47685067512515,21.54045149068452,14.106920119067164,96.34365134326389,93.5567054170938,28.22150570083579,33.64115189934962,57.85557625545601,32.98521227798261,76.7303740481834,0,0,0,2050-01-01 00:00:00,No Failure,0,0
VEH0000,BMW,2023-01-01 03:28:00,31695.58015627349,87.29580633067798,2274.394464912495,52.69629704230081,87.31381981460207,59.81541194953357,2.668406041365552,59.23408595595527,10.51743570273882,53.08105764077797,681.6463553591504,1.4809121382993629,1094.3598368838836,1059.8118810503763,7.683154772928684,222.75031071535287,0,87.5955156113654,79.22387804685572,46.16530826686477,70.73815624781412,47.99614310646929,13.84004518664902,6.867743131764358,21.465158656924903,14.301160748122475,44.35404553560738,90.78758843260113,28.767353607639123,57.18096651490723,90.70657818315895,32.462601676953604,79.20747864026623,0,0,0,2050-01-01 00:00:00,No Failure,0,0
VEH0015,Kia,2023-01-01 02:45:00,21553.36201114758,100.3383677164207,2994.559772561502,47.84638001186905,88.1900853411114,52.37977912788271,6.865527822454448,44.28494458535245,35.176411110699384,44.55734321395103,452.9086154406017,1.9104756480041545,3235.907042062452,946.4965957920984,7.224016958185966,70.20650312636604,0,6.244138739807204,88.24277094976198,-8.534690810087326,80.38298912028952,83.23412700503604,12.818898157421316,-6.1580369529002645,26.970007896454742,14.307199254408845,80.94663743797904,96.30143746373564,88.7082209903179,26.61350248153603,62.16537043071524,31.78441300267512,79.74498432510063,0,0,0,2050-01-01 00:00:00,No Failure,0,0
VEH0010,Mercedes-Benz,2023-01-01 12:00:00,23098.586791581773,102.50743055595676,1528.8386584037128,43.44770070428995,90.60276524025164,62.3980873179318,6.582229866461852,20.026816124843734,24.900969952218425,34.130528511256706,543.0753317238089,1.9362709841988923,4175.575921316092,974.9818333008808,8.293644550346771,159.9142994669278,0,63.87198052663335,69.33612865197162,106.91727668759974,48.95988563699833,24.38688028991724,12.282766620036766,-24.9381387210271,23.72562392810462,14.091967459281078,67.56448940961201,95.07294522734892,73.40095486162774,34.09881682737277,70.43468196382933,29.093542303623927,78.10683417695964,0,0,0,2050-01-01 00:00:00,No Failure,0,0
